week_start,brand,region,search_index,sov_pct,search_wow_pct,search_mom_pct,search_yoy_pct,season_label,season_week_num
2022-12-25,nike,global,49.0,49.0,,,,FW22,16
2022-12-25,nike,korea,73.0,56.1538,,,,FW22,16
2022-12-25,adidas,global,37.0,37.0,,,,FW22,16
2022-12-25,adidas,korea,32.0,24.6154,,,,FW22,16
2022-12-25,puma,global,8.0,8.0,,,,FW22,16
2022-12-25,puma,korea,9.0,6.9231,,,,FW22,16
2022-12-25,new_balance,global,6.0,6.0,,,,FW22,16
2022-12-25,new_balance,korea,16.0,12.3077,,,,FW22,16
2023-01-01,nike,global,45.0,50.0,-8.1633,,,FW23,17
2023-01-01,nike,korea,75.0,59.5238,2.7397,,,FW23,17
2023-01-01,adidas,global,32.0,35.5556,-13.5135,,,FW23,17
2023-01-01,adidas,korea,28.0,22.2222,-12.5,,,FW23,17
2023-01-01,puma,global,7.0,7.7778,-12.5,,,FW23,17
2023-01-01,puma,korea,8.0,6.3492,-11.1111,,,FW23,17
2023-01-01,new_balance,global,6.0,6.6667,0.0,,,FW23,17
2023-01-01,new_balance,korea,15.0,11.9048,-6.25,,,FW23,17
2023-01-08,nike,global,43.0,48.8636,-4.4444,,,FW22,18
2023-01-08,nike,korea,75.0,58.1395,0.0,,,FW22,18
2023-01-08,adidas,global,32.0,36.3636,0.0,,,FW22,18
2023-01-08,adidas,korea,29.0,22.4806,3.5714,,,FW22,18
2023-01-08,puma,global,7.0,7.9545,0.0,,,FW22,18
2023-01-08,puma,korea,9.0,6.9767,12.5,,,FW22,18
2023-01-08,new_balance,global,6.0,6.8182,0.0,,,FW22,18
2023-01-08,new_balance,korea,16.0,12.4031,6.6667,,,FW22,18
2023-01-15,nike,global,43.0,50.0,0.0,,,FW22,19
2023-01-15,nike,korea,79.0,58.9552,5.3333,,,FW22,19
2023-01-15,adidas,global,31.0,36.0465,-3.125,,,FW22,19
2023-01-15,adidas,korea,32.0,23.8806,10.3448,,,FW22,19
2023-01-15,puma,global,7.0,8.1395,0.0,,,FW22,19
2023-01-15,puma,korea,7.0,5.2239,-22.2222,,,FW22,19
2023-01-15,new_balance,global,5.0,5.814,-16.6667,,,FW22,19
2023-01-15,new_balance,korea,16.0,11.9403,0.0,,,FW22,19
2023-01-22,nike,global,41.0,48.8095,-4.6512,-16.3265,,FW22,20
2023-01-22,nike,korea,96.0,59.2593,21.519,31.5068,,FW22,20
2023-01-22,adidas,global,31.0,36.9048,0.0,-16.2162,,FW22,20
2023-01-22,adidas,korea,37.0,22.8395,15.625,15.625,,FW22,20
2023-01-22,puma,global,7.0,8.3333,0.0,-12.5,,FW22,20
2023-01-22,puma,korea,9.0,5.5556,28.5714,0.0,,FW22,20
2023-01-22,new_balance,global,5.0,5.9524,0.0,-16.6667,,FW22,20
2023-01-22,new_balance,korea,20.0,12.3457,25.0,25.0,,FW22,20
2023-01-29,nike,global,42.0,49.4118,2.439,-6.6667,,FW22,21
2023-01-29,nike,korea,123.0,66.4865,28.125,64.0,,FW22,21
2023-01-29,adidas,global,31.0,36.4706,0.0,-3.125,,FW22,21
2023-01-29,adidas,korea,34.0,18.3784,-8.1081,21.4286,,FW22,21
2023-01-29,puma,global,7.0,8.2353,0.0,0.0,,FW22,21
2023-01-29,puma,korea,9.0,4.8649,0.0,12.5,,FW22,21
2023-01-29,new_balance,global,5.0,5.8824,0.0,-16.6667,,FW22,21
2023-01-29,new_balance,korea,19.0,10.2703,-5.0,26.6667,,FW22,21
2023-02-05,nike,global,40.0,50.6329,-4.7619,-6.9767,,FW22,22
2023-02-05,nike,korea,97.0,63.8158,-21.1382,29.3333,,FW22,22
2023-02-05,adidas,global,28.0,35.443,-9.6774,-12.5,,FW22,22
2023-02-05,adidas,korea,31.0,20.3947,-8.8235,6.8966,,FW22,22
2023-02-05,puma,global,6.0,7.5949,-14.2857,-14.2857,,FW22,22
2023-02-05,puma,korea,7.0,4.6053,-22.2222,-22.2222,,FW22,22
2023-02-05,new_balance,global,5.0,6.3291,0.0,-16.6667,,FW22,22
2023-02-05,new_balance,korea,17.0,11.1842,-10.5263,6.25,,FW22,22
2023-02-12,nike,global,39.0,48.1481,-2.5,-9.3023,,FW22,23
2023-02-12,nike,korea,99.0,58.9286,2.0619,25.3165,,FW22,23
2023-02-12,adidas,global,30.0,37.037,7.1429,-3.2258,,FW22,23
2023-02-12,adidas,korea,34.0,20.2381,9.6774,6.25,,FW22,23
2023-02-12,puma,global,7.0,8.642,16.6667,0.0,,FW22,23
2023-02-12,puma,korea,8.0,4.7619,14.2857,14.2857,,FW22,23
2023-02-12,new_balance,global,5.0,6.1728,0.0,0.0,,FW22,23
2023-02-12,new_balance,korea,27.0,16.0714,58.8235,68.75,,FW22,23
2023-02-19,nike,global,39.0,46.988,0.0,-4.878,,FW22,24
2023-02-19,nike,korea,95.0,58.642,-4.0404,-1.0417,,FW22,24
2023-02-19,adidas,global,31.0,37.3494,3.3333,0.0,,FW22,24
2023-02-19,adidas,korea,38.0,23.4568,11.7647,2.7027,,FW22,24
2023-02-19,puma,global,7.0,8.4337,0.0,0.0,,FW22,24
2023-02-19,puma,korea,8.0,4.9383,0.0,-11.1111,,FW22,24
2023-02-19,new_balance,global,6.0,7.2289,20.0,20.0,,FW22,24
2023-02-19,new_balance,korea,21.0,12.963,-22.2222,5.0,,FW22,24
2023-02-26,nike,global,39.0,46.988,0.0,-7.1429,,FW22,25
2023-02-26,nike,korea,93.0,58.8608,-2.1053,-24.3902,,FW22,25
2023-02-26,adidas,global,31.0,37.3494,0.0,0.0,,FW22,25
2023-02-26,adidas,korea,37.0,23.4177,-2.6316,8.8235,,FW22,25
2023-02-26,puma,global,7.0,8.4337,0.0,0.0,,FW22,25
2023-02-26,puma,korea,7.0,4.4304,-12.5,-22.2222,,FW22,25
2023-02-26,new_balance,global,6.0,7.2289,0.0,20.0,,FW22,25
2023-02-26,new_balance,korea,21.0,13.2911,0.0,10.5263,,FW22,25
2023-03-05,nike,global,32.0,41.5584,-17.9487,-20.0,,FW22,26
2023-03-05,nike,korea,105.0,62.1302,12.9032,8.2474,,FW22,26
2023-03-05,adidas,global,33.0,42.8571,6.4516,17.8571,,FW22,26
2023-03-05,adidas,korea,37.0,21.8935,0.0,19.3548,,FW22,26
2023-03-05,puma,global,7.0,9.0909,0.0,16.6667,,FW22,26
2023-03-05,puma,korea,8.0,4.7337,14.2857,14.2857,,FW22,26
2023-03-05,new_balance,global,5.0,6.4935,-16.6667,0.0,,FW22,26
2023-03-05,new_balance,korea,19.0,11.2426,-9.5238,11.7647,,FW22,26
2023-03-12,nike,global,27.0,39.1304,-15.625,-30.7692,,SS23,1
2023-03-12,nike,korea,81.0,56.25,-22.8571,-18.1818,,SS23,1
2023-03-12,adidas,global,31.0,44.9275,-6.0606,3.3333,,SS23,1
2023-03-12,adidas,korea,38.0,26.3889,2.7027,11.7647,,SS23,1
2023-03-12,puma,global,6.0,8.6957,-14.2857,-14.2857,,SS23,1
2023-03-12,puma,korea,8.0,5.5556,0.0,0.0,,SS23,1
2023-03-12,new_balance,global,5.0,7.2464,0.0,0.0,,SS23,1
2023-03-12,new_balance,korea,17.0,11.8056,-10.5263,-37.037,,SS23,1
2023-03-19,nike,global,28.0,38.3562,3.7037,-28.2051,,SS23,2
2023-03-19,nike,korea,93.0,60.0,14.8148,-2.1053,,SS23,2
2023-03-19,adidas,global,34.0,46.5753,9.6774,9.6774,,SS23,2
2023-03-19,adidas,korea,38.0,24.5161,0.0,0.0,,SS23,2
2023-03-19,puma,global,6.0,8.2192,0.0,-14.2857,,SS23,2
2023-03-19,puma,korea,7.0,4.5161,-12.5,-12.5,,SS23,2
2023-03-19,new_balance,global,5.0,6.8493,0.0,-16.6667,,SS23,2
2023-03-19,new_balance,korea,17.0,10.9677,0.0,-19.0476,,SS23,2
2023-03-26,nike,global,27.0,38.0282,-3.5714,-30.7692,,SS23,3
2023-03-26,nike,korea,96.0,59.6273,3.2258,3.2258,,SS23,3
2023-03-26,adidas,global,33.0,46.4789,-2.9412,6.4516,,SS23,3
2023-03-26,adidas,korea,39.0,24.2236,2.6316,5.4054,,SS23,3
2023-03-26,puma,global,6.0,8.4507,0.0,-14.2857,,SS23,3
2023-03-26,puma,korea,8.0,4.9689,14.2857,14.2857,,SS23,3
2023-03-26,new_balance,global,5.0,7.0423,0.0,-16.6667,,SS23,3
2023-03-26,new_balance,korea,18.0,11.1801,5.8824,-14.2857,,SS23,3
2023-04-02,nike,global,30.0,38.4615,11.1111,-6.25,,SS23,4
2023-04-02,nike,korea,89.0,57.4194,-7.2917,-15.2381,,SS23,4
2023-04-02,adidas,global,35.0,44.8718,6.0606,6.0606,,SS23,4
2023-04-02,adidas,korea,37.0,23.871,-5.1282,0.0,,SS23,4
2023-04-02,puma,global,7.0,8.9744,16.6667,0.0,,SS23,4
2023-04-02,puma,korea,10.0,6.4516,25.0,25.0,,SS23,4
2023-04-02,new_balance,global,6.0,7.6923,20.0,20.0,,SS23,4
2023-04-02,new_balance,korea,19.0,12.2581,5.5556,0.0,,SS23,4
2023-04-09,nike,global,31.0,39.2405,3.3333,14.8148,,SS23,5
2023-04-09,nike,korea,95.0,61.2903,6.7416,17.284,,SS23,5
2023-04-09,adidas,global,36.0,45.5696,2.8571,16.129,,SS23,5
2023-04-09,adidas,korea,33.0,21.2903,-10.8108,-13.1579,,SS23,5
2023-04-09,puma,global,6.0,7.5949,-14.2857,0.0,,SS23,5
2023-04-09,puma,korea,8.0,5.1613,-20.0,0.0,,SS23,5
2023-04-09,new_balance,global,6.0,7.5949,0.0,20.0,,SS23,5
2023-04-09,new_balance,korea,19.0,12.2581,0.0,11.7647,,SS23,5
2023-04-16,nike,global,30.0,39.4737,-3.2258,7.1429,,SS23,6
2023-04-16,nike,korea,95.0,62.0915,0.0,2.1505,,SS23,6
2023-04-16,adidas,global,35.0,46.0526,-2.7778,2.9412,,SS23,6
2023-04-16,adidas,korea,34.0,22.2222,3.0303,-10.5263,,SS23,6
2023-04-16,puma,global,6.0,7.8947,0.0,0.0,,SS23,6
2023-04-16,puma,korea,7.0,4.5752,-12.5,0.0,,SS23,6
2023-04-16,new_balance,global,5.0,6.5789,-16.6667,0.0,,SS23,6
2023-04-16,new_balance,korea,17.0,11.1111,-10.5263,0.0,,SS23,6
2023-04-23,nike,global,29.0,38.6667,-3.3333,7.4074,,SS23,7
2023-04-23,nike,korea,96.0,60.7595,1.0526,0.0,,SS23,7
2023-04-23,adidas,global,35.0,46.6667,0.0,6.0606,,SS23,7
2023-04-23,adidas,korea,35.0,22.1519,2.9412,-10.2564,,SS23,7
2023-04-23,puma,global,6.0,8.0,0.0,0.0,,SS23,7
2023-04-23,puma,korea,9.0,5.6962,28.5714,12.5,,SS23,7
2023-04-23,new_balance,global,5.0,6.6667,0.0,0.0,,SS23,7
2023-04-23,new_balance,korea,18.0,11.3924,5.8824,0.0,,SS23,7
2023-04-30,nike,global,28.0,36.8421,-3.4483,-6.6667,,SS23,8
2023-04-30,nike,korea,99.0,59.6386,3.125,11.236,,SS23,8
2023-04-30,adidas,global,37.0,48.6842,5.7143,5.7143,,SS23,8
2023-04-30,adidas,korea,41.0,24.6988,17.1429,10.8108,,SS23,8
2023-04-30,puma,global,6.0,7.8947,0.0,-14.2857,,SS23,8
2023-04-30,puma,korea,8.0,4.8193,-11.1111,-20.0,,SS23,8
2023-04-30,new_balance,global,5.0,6.5789,0.0,-16.6667,,SS23,8
2023-04-30,new_balance,korea,18.0,10.8434,0.0,-5.2632,,SS23,8
2023-05-07,nike,global,28.0,37.3333,0.0,-9.6774,,SS23,9
2023-05-07,nike,korea,89.0,58.1699,-10.101,-6.3158,,SS23,9
2023-05-07,adidas,global,36.0,48.0,-2.7027,0.0,,SS23,9
2023-05-07,adidas,korea,39.0,25.4902,-4.878,18.1818,,SS23,9
2023-05-07,puma,global,6.0,8.0,0.0,0.0,,SS23,9
2023-05-07,puma,korea,8.0,5.2288,0.0,0.0,,SS23,9
2023-05-07,new_balance,global,5.0,6.6667,0.0,-16.6667,,SS23,9
2023-05-07,new_balance,korea,17.0,11.1111,-5.5556,-10.5263,,SS23,9
2023-05-14,nike,global,28.0,38.3562,0.0,-6.6667,,SS23,10
2023-05-14,nike,korea,82.0,56.1644,-7.8652,-13.6842,,SS23,10
2023-05-14,adidas,global,34.0,46.5753,-5.5556,-2.8571,,SS23,10
2023-05-14,adidas,korea,38.0,26.0274,-2.5641,11.7647,,SS23,10
2023-05-14,puma,global,6.0,8.2192,0.0,0.0,,SS23,10
2023-05-14,puma,korea,9.0,6.1644,12.5,28.5714,,SS23,10
2023-05-14,new_balance,global,5.0,6.8493,0.0,0.0,,SS23,10
2023-05-14,new_balance,korea,17.0,11.6438,0.0,0.0,,SS23,10
2023-05-21,nike,global,25.0,36.2319,-10.7143,-13.7931,,SS23,11
2023-05-21,nike,korea,79.0,56.8345,-3.6585,-17.7083,,SS23,11
2023-05-21,adidas,global,33.0,47.8261,-2.9412,-5.7143,,SS23,11
2023-05-21,adidas,korea,37.0,26.6187,-2.6316,5.7143,,SS23,11
2023-05-21,puma,global,6.0,8.6957,0.0,0.0,,SS23,11
2023-05-21,puma,korea,9.0,6.4748,0.0,0.0,,SS23,11
2023-05-21,new_balance,global,5.0,7.2464,0.0,0.0,,SS23,11
2023-05-21,new_balance,korea,14.0,10.0719,-17.6471,-22.2222,,SS23,11
2023-05-28,nike,global,26.0,35.6164,4.0,-7.1429,,SS23,12
2023-05-28,nike,korea,77.0,54.2254,-2.5316,-22.2222,,SS23,12
2023-05-28,adidas,global,35.0,47.9452,6.0606,-5.4054,,SS23,12
2023-05-28,adidas,korea,40.0,28.169,8.1081,-2.439,,SS23,12
2023-05-28,puma,global,7.0,9.589,16.6667,16.6667,,SS23,12
2023-05-28,puma,korea,10.0,7.0423,11.1111,25.0,,SS23,12
2023-05-28,new_balance,global,5.0,6.8493,0.0,0.0,,SS23,12
2023-05-28,new_balance,korea,15.0,10.5634,7.1429,-16.6667,,SS23,12
2023-06-04,nike,global,24.0,33.8028,-7.6923,-14.2857,,SS23,13
2023-06-04,nike,korea,75.0,55.1471,-2.5974,-15.7303,,SS23,13
2023-06-04,adidas,global,37.0,52.1127,5.7143,2.7778,,SS23,13
2023-06-04,adidas,korea,37.0,27.2059,-7.5,-5.1282,,SS23,13
2023-06-04,puma,global,6.0,8.4507,-14.2857,0.0,,SS23,13
2023-06-04,puma,korea,8.0,5.8824,-20.0,0.0,,SS23,13
2023-06-04,new_balance,global,4.0,5.6338,-20.0,-20.0,,SS23,13
2023-06-04,new_balance,korea,16.0,11.7647,6.6667,-5.8824,,SS23,13
2023-06-11,nike,global,23.0,33.3333,-4.1667,-17.8571,,SS23,14
2023-06-11,nike,korea,78.0,57.3529,4.0,-4.878,,SS23,14
2023-06-11,adidas,global,36.0,52.1739,-2.7027,5.8824,,SS23,14
2023-06-11,adidas,korea,36.0,26.4706,-2.7027,-5.2632,,SS23,14
2023-06-11,puma,global,6.0,8.6957,0.0,0.0,,SS23,14
2023-06-11,puma,korea,9.0,6.6176,12.5,0.0,,SS23,14
2023-06-11,new_balance,global,4.0,5.7971,0.0,-20.0,,SS23,14
2023-06-11,new_balance,korea,13.0,9.5588,-18.75,-23.5294,,SS23,14
2023-06-18,nike,global,23.0,34.3284,0.0,-8.0,,SS23,15
2023-06-18,nike,korea,75.0,56.391,-3.8462,-5.0633,,SS23,15
2023-06-18,adidas,global,34.0,50.7463,-5.5556,3.0303,,SS23,15
2023-06-18,adidas,korea,36.0,27.0677,0.0,-2.7027,,SS23,15
2023-06-18,puma,global,6.0,8.9552,0.0,0.0,,SS23,15
2023-06-18,puma,korea,9.0,6.7669,0.0,0.0,,SS23,15
2023-06-18,new_balance,global,4.0,5.9701,0.0,-20.0,,SS23,15
2023-06-18,new_balance,korea,13.0,9.7744,0.0,-7.1429,,SS23,15
2023-06-25,nike,global,24.0,33.8028,4.3478,-7.6923,,SS23,16
2023-06-25,nike,korea,73.0,55.303,-2.6667,-5.1948,,SS23,16
2023-06-25,adidas,global,37.0,52.1127,8.8235,5.7143,,SS23,16
2023-06-25,adidas,korea,36.0,27.2727,0.0,-10.0,,SS23,16
2023-06-25,puma,global,6.0,8.4507,0.0,-14.2857,,SS23,16
2023-06-25,puma,korea,9.0,6.8182,0.0,-10.0,,SS23,16
2023-06-25,new_balance,global,4.0,5.6338,0.0,-20.0,,SS23,16
2023-06-25,new_balance,korea,14.0,10.6061,7.6923,-6.6667,,SS23,16
2023-07-02,nike,global,59.0,50.8621,145.8333,145.8333,,SS23,17
2023-07-02,nike,korea,71.0,56.3492,-2.7397,-5.3333,,SS23,17
2023-07-02,adidas,global,36.0,31.0345,-2.7027,-2.7027,,SS23,17
2023-07-02,adidas,korea,33.0,26.1905,-8.3333,-10.8108,,SS23,17
2023-07-02,puma,global,10.0,8.6207,66.6667,66.6667,,SS23,17
2023-07-02,puma,korea,9.0,7.1429,0.0,12.5,,SS23,17
2023-07-02,new_balance,global,11.0,9.4828,175.0,175.0,,SS23,17
2023-07-02,new_balance,korea,13.0,10.3175,-7.1429,-18.75,,SS23,17
2023-07-09,nike,global,68.0,54.8387,15.2542,195.6522,,SS23,18
2023-07-09,nike,korea,73.0,58.871,2.8169,-6.4103,,SS23,18
2023-07-09,adidas,global,31.0,25.0,-13.8889,-13.8889,,SS23,18
2023-07-09,adidas,korea,32.0,25.8065,-3.0303,-11.1111,,SS23,18
2023-07-09,puma,global,11.0,8.871,10.0,83.3333,,SS23,18
2023-07-09,puma,korea,7.0,5.6452,-22.2222,-22.2222,,SS23,18
2023-07-09,new_balance,global,14.0,11.2903,27.2727,250.0,,SS23,18
2023-07-09,new_balance,korea,12.0,9.6774,-7.6923,-7.6923,,SS23,18
2023-07-16,nike,global,70.0,56.4516,2.9412,204.3478,,SS23,19
2023-07-16,nike,korea,73.0,57.0313,0.0,-2.6667,,SS23,19
2023-07-16,adidas,global,29.0,23.3871,-6.4516,-14.7059,,SS23,19
2023-07-16,adidas,korea,33.0,25.7813,3.125,-8.3333,,SS23,19
2023-07-16,puma,global,11.0,8.871,0.0,83.3333,,SS23,19
2023-07-16,puma,korea,10.0,7.8125,42.8571,11.1111,,SS23,19
2023-07-16,new_balance,global,14.0,11.2903,0.0,250.0,,SS23,19
2023-07-16,new_balance,korea,12.0,9.375,0.0,-7.6923,,SS23,19
2023-07-23,nike,global,70.0,54.6875,0.0,191.6667,,SS23,20
2023-07-23,nike,korea,74.0,56.9231,1.3699,1.3699,,SS23,20
2023-07-23,adidas,global,31.0,24.2188,6.8966,-16.2162,,SS23,20
2023-07-23,adidas,korea,35.0,26.9231,6.0606,-2.7778,,SS23,20
2023-07-23,puma,global,12.0,9.375,9.0909,100.0,,SS23,20
2023-07-23,puma,korea,9.0,6.9231,-10.0,0.0,,SS23,20
2023-07-23,new_balance,global,15.0,11.7188,7.1429,275.0,,SS23,20
2023-07-23,new_balance,korea,12.0,9.2308,0.0,-14.2857,,SS23,20
2023-07-30,nike,global,75.0,54.7445,7.1429,27.1186,,SS23,21
2023-07-30,nike,korea,70.0,57.377,-5.4054,-1.4085,,SS23,21
2023-07-30,adidas,global,34.0,24.8175,9.6774,-5.5556,,SS23,21
2023-07-30,adidas,korea,31.0,25.4098,-11.4286,-6.0606,,SS23,21
2023-07-30,puma,global,12.0,8.7591,0.0,20.0,,SS23,21
2023-07-30,puma,korea,9.0,7.377,0.0,0.0,,SS23,21
2023-07-30,new_balance,global,16.0,11.6788,6.6667,45.4545,,SS23,21
2023-07-30,new_balance,korea,12.0,9.8361,0.0,-7.6923,,SS23,21
2023-08-06,nike,global,76.0,54.2857,1.3333,11.7647,,SS23,22
2023-08-06,nike,korea,68.0,57.6271,-2.8571,-6.8493,,SS23,22
2023-08-06,adidas,global,35.0,25.0,2.9412,12.9032,,SS23,22
2023-08-06,adidas,korea,31.0,26.2712,0.0,-3.125,,SS23,22
2023-08-06,puma,global,12.0,8.5714,0.0,9.0909,,SS23,22
2023-08-06,puma,korea,8.0,6.7797,-11.1111,14.2857,,SS23,22
2023-08-06,new_balance,global,17.0,12.1429,6.25,21.4286,,SS23,22
2023-08-06,new_balance,korea,11.0,9.322,-8.3333,-8.3333,,SS23,22
2023-08-13,nike,global,71.0,54.1985,-6.5789,1.4286,,SS23,23
2023-08-13,nike,korea,63.0,54.7826,-7.3529,-13.6986,,SS23,23
2023-08-13,adidas,global,33.0,25.1908,-5.7143,13.7931,,SS23,23
2023-08-13,adidas,korea,31.0,26.9565,0.0,-6.0606,,SS23,23
2023-08-13,puma,global,11.0,8.3969,-8.3333,0.0,,SS23,23
2023-08-13,puma,korea,7.0,6.087,-12.5,-30.0,,SS23,23
2023-08-13,new_balance,global,16.0,12.2137,-5.8824,14.2857,,SS23,23
2023-08-13,new_balance,korea,14.0,12.1739,27.2727,16.6667,,SS23,23
2023-08-20,nike,global,74.0,55.6391,4.2254,5.7143,,SS23,24
2023-08-20,nike,korea,66.0,56.4103,4.7619,-10.8108,,SS23,24
2023-08-20,adidas,global,32.0,24.0602,-3.0303,3.2258,,SS23,24
2023-08-20,adidas,korea,31.0,26.4957,0.0,-11.4286,,SS23,24
2023-08-20,puma,global,11.0,8.2707,0.0,-8.3333,,SS23,24
2023-08-20,puma,korea,7.0,5.9829,0.0,-22.2222,,SS23,24
2023-08-20,new_balance,global,16.0,12.0301,0.0,6.6667,,SS23,24
2023-08-20,new_balance,korea,13.0,11.1111,-7.1429,8.3333,,SS23,24
2023-08-27,nike,global,74.0,54.8148,0.0,-1.3333,,SS23,25
2023-08-27,nike,korea,64.0,54.7009,-3.0303,-8.5714,,SS23,25
2023-08-27,adidas,global,33.0,24.4444,3.125,-2.9412,,SS23,25
2023-08-27,adidas,korea,33.0,28.2051,6.4516,6.4516,,SS23,25
2023-08-27,puma,global,11.0,8.1481,0.0,-8.3333,,SS23,25
2023-08-27,puma,korea,7.0,5.9829,0.0,-22.2222,,SS23,25
2023-08-27,new_balance,global,17.0,12.5926,6.25,6.25,,SS23,25
2023-08-27,new_balance,korea,13.0,11.1111,0.0,8.3333,,SS23,25
2023-09-03,nike,global,71.0,54.1985,-4.0541,-6.5789,,SS23,26
2023-09-03,nike,korea,65.0,53.719,1.5625,-4.4118,,SS23,26
2023-09-03,adidas,global,33.0,25.1908,0.0,-5.7143,,SS23,26
2023-09-03,adidas,korea,34.0,28.0992,3.0303,9.6774,,SS23,26
2023-09-03,puma,global,11.0,8.3969,0.0,-8.3333,,SS23,26
2023-09-03,puma,korea,8.0,6.6116,14.2857,0.0,,SS23,26
2023-09-03,new_balance,global,16.0,12.2137,-5.8824,-5.8824,,SS23,26
2023-09-03,new_balance,korea,14.0,11.5702,7.6923,27.2727,,SS23,26
2023-09-10,nike,global,67.0,53.6,-5.6338,-5.6338,,FW23,1
2023-09-10,nike,korea,65.0,52.4194,0.0,3.1746,,FW23,1
2023-09-10,adidas,global,32.0,25.6,-3.0303,-3.0303,,FW23,1
2023-09-10,adidas,korea,34.0,27.4194,0.0,9.6774,,FW23,1
2023-09-10,puma,global,11.0,8.8,0.0,0.0,,FW23,1
2023-09-10,puma,korea,10.0,8.0645,25.0,42.8571,,FW23,1
2023-09-10,new_balance,global,15.0,12.0,-6.25,-6.25,,FW23,1
2023-09-10,new_balance,korea,15.0,12.0968,7.1429,7.1429,,FW23,1
2023-09-17,nike,global,69.0,52.2727,2.9851,-6.7568,,FW23,2
2023-09-17,nike,korea,67.0,54.0323,3.0769,1.5152,,FW23,2
2023-09-17,adidas,global,36.0,27.2727,12.5,12.5,,FW23,2
2023-09-17,adidas,korea,34.0,27.4194,0.0,9.6774,,FW23,2
2023-09-17,puma,global,11.0,8.3333,0.0,0.0,,FW23,2
2023-09-17,puma,korea,8.0,6.4516,-20.0,14.2857,,FW23,2
2023-09-17,new_balance,global,16.0,12.1212,6.6667,0.0,,FW23,2
2023-09-17,new_balance,korea,15.0,12.0968,0.0,15.3846,,FW23,2
2023-09-24,nike,global,70.0,54.2636,1.4493,-5.4054,,FW23,3
2023-09-24,nike,korea,70.0,53.4351,4.4776,9.375,,FW23,3
2023-09-24,adidas,global,32.0,24.8062,-11.1111,-3.0303,,FW23,3
2023-09-24,adidas,korea,36.0,27.4809,5.8824,9.0909,,FW23,3
2023-09-24,puma,global,11.0,8.5271,0.0,0.0,,FW23,3
2023-09-24,puma,korea,9.0,6.8702,12.5,28.5714,,FW23,3
2023-09-24,new_balance,global,16.0,12.4031,0.0,-5.8824,,FW23,3
2023-09-24,new_balance,korea,16.0,12.2137,6.6667,23.0769,,FW23,3
2023-10-01,nike,global,69.0,52.2727,-1.4286,-2.8169,,FW23,4
2023-10-01,nike,korea,71.0,52.2059,1.4286,9.2308,,FW23,4
2023-10-01,adidas,global,33.0,25.0,3.125,0.0,,FW23,4
2023-10-01,adidas,korea,38.0,27.9412,5.5556,11.7647,,FW23,4
2023-10-01,puma,global,13.0,9.8485,18.1818,18.1818,,FW23,4
2023-10-01,puma,korea,9.0,6.6176,0.0,12.5,,FW23,4
2023-10-01,new_balance,global,17.0,12.8788,6.25,6.25,,FW23,4
2023-10-01,new_balance,korea,18.0,13.2353,12.5,28.5714,,FW23,4
2023-10-08,nike,global,70.0,53.4351,1.4493,4.4776,,FW23,5
2023-10-08,nike,korea,74.0,54.4118,4.2254,13.8462,,FW23,5
2023-10-08,adidas,global,33.0,25.1908,0.0,3.125,,FW23,5
2023-10-08,adidas,korea,35.0,25.7353,-7.8947,2.9412,,FW23,5
2023-10-08,puma,global,12.0,9.1603,-7.6923,9.0909,,FW23,5
2023-10-08,puma,korea,9.0,6.6176,0.0,-10.0,,FW23,5
2023-10-08,new_balance,global,16.0,12.2137,-5.8824,6.6667,,FW23,5
2023-10-08,new_balance,korea,18.0,13.2353,0.0,20.0,,FW23,5
2023-10-15,nike,global,71.0,52.9851,1.4286,2.8986,,FW23,6
2023-10-15,nike,korea,86.0,58.5034,16.2162,28.3582,,FW23,6
2023-10-15,adidas,global,37.0,27.6119,12.1212,2.7778,,FW23,6
2023-10-15,adidas,korea,37.0,25.1701,5.7143,8.8235,,FW23,6
2023-10-15,puma,global,11.0,8.209,-8.3333,0.0,,FW23,6
2023-10-15,puma,korea,8.0,5.4422,-11.1111,0.0,,FW23,6
2023-10-15,new_balance,global,15.0,11.194,-6.25,-6.25,,FW23,6
2023-10-15,new_balance,korea,16.0,10.8844,-11.1111,6.6667,,FW23,6
2023-10-22,nike,global,68.0,52.3077,-4.2254,-2.8571,,FW23,7
2023-10-22,nike,korea,78.0,56.1151,-9.3023,11.4286,,FW23,7
2023-10-22,adidas,global,36.0,27.6923,-2.7027,12.5,,FW23,7
2023-10-22,adidas,korea,38.0,27.3381,2.7027,5.5556,,FW23,7
2023-10-22,puma,global,11.0,8.4615,0.0,0.0,,FW23,7
2023-10-22,puma,korea,7.0,5.036,-12.5,-22.2222,,FW23,7
2023-10-22,new_balance,global,15.0,11.5385,0.0,-6.25,,FW23,7
2023-10-22,new_balance,korea,16.0,11.5108,0.0,0.0,,FW23,7
2023-10-29,nike,global,65.0,51.5873,-4.4118,-5.7971,,FW23,8
2023-10-29,nike,korea,67.0,53.1746,-14.1026,-5.6338,,FW23,8
2023-10-29,adidas,global,36.0,28.5714,0.0,9.0909,,FW23,8
2023-10-29,adidas,korea,35.0,27.7778,-7.8947,-7.8947,,FW23,8
2023-10-29,puma,global,11.0,8.7302,0.0,-15.3846,,FW23,8
2023-10-29,puma,korea,7.0,5.5556,0.0,-22.2222,,FW23,8
2023-10-29,new_balance,global,14.0,11.1111,-6.6667,-17.6471,,FW23,8
2023-10-29,new_balance,korea,17.0,13.4921,6.25,-5.5556,,FW23,8
2023-11-05,nike,global,75.0,52.8169,15.3846,7.1429,,FW23,9
2023-11-05,nike,korea,68.0,53.125,1.4925,-8.1081,,FW23,9
2023-11-05,adidas,global,39.0,27.4648,8.3333,18.1818,,FW23,9
2023-11-05,adidas,korea,35.0,27.3438,0.0,0.0,,FW23,9
2023-11-05,puma,global,12.0,8.4507,9.0909,0.0,,FW23,9
2023-11-05,puma,korea,8.0,6.25,14.2857,-11.1111,,FW23,9
2023-11-05,new_balance,global,16.0,11.2676,14.2857,0.0,,FW23,9
2023-11-05,new_balance,korea,17.0,13.2813,0.0,-5.5556,,FW23,9
2023-11-12,nike,global,76.0,52.0548,1.3333,7.0423,,FW23,10
2023-11-12,nike,korea,69.0,52.6718,1.4706,-19.7674,,FW23,10
2023-11-12,adidas,global,41.0,28.0822,5.1282,10.8108,,FW23,10
2023-11-12,adidas,korea,34.0,25.9542,-2.8571,-8.1081,,FW23,10
2023-11-12,puma,global,12.0,8.2192,0.0,9.0909,,FW23,10
2023-11-12,puma,korea,10.0,7.6336,25.0,25.0,,FW23,10
2023-11-12,new_balance,global,17.0,11.6438,6.25,13.3333,,FW23,10
2023-11-12,new_balance,korea,18.0,13.7405,5.8824,12.5,,FW23,10
2023-11-19,nike,global,100.0,52.9101,31.5789,47.0588,,FW23,11
2023-11-19,nike,korea,83.0,57.6389,20.2899,6.4103,,FW23,11
2023-11-19,adidas,global,51.0,26.9841,24.3902,41.6667,,FW23,11
2023-11-19,adidas,korea,35.0,24.3056,2.9412,-7.8947,,FW23,11
2023-11-19,puma,global,15.0,7.9365,25.0,36.3636,,FW23,11
2023-11-19,puma,korea,9.0,6.25,-10.0,28.5714,,FW23,11
2023-11-19,new_balance,global,23.0,12.1693,35.2941,53.3333,,FW23,11
2023-11-19,new_balance,korea,17.0,11.8056,-5.5556,6.25,,FW23,11
2023-11-26,nike,global,85.0,53.125,-15.0,30.7692,,FW23,12
2023-11-26,nike,korea,64.0,52.0325,-22.8916,-4.4776,,FW23,12
2023-11-26,adidas,global,44.0,27.5,-13.7255,22.2222,,FW23,12
2023-11-26,adidas,korea,35.0,28.4553,0.0,0.0,,FW23,12
2023-11-26,puma,global,13.0,8.125,-13.3333,18.1818,,FW23,12
2023-11-26,puma,korea,8.0,6.5041,-11.1111,14.2857,,FW23,12
2023-11-26,new_balance,global,18.0,11.25,-21.7391,28.5714,,FW23,12
2023-11-26,new_balance,korea,16.0,13.0081,-5.8824,-5.8824,,FW23,12
2023-12-03,nike,global,82.0,54.3046,-3.5294,9.3333,,FW23,13
2023-12-03,nike,korea,64.0,54.7009,0.0,-5.8824,,FW23,13
2023-12-03,adidas,global,40.0,26.4901,-9.0909,2.5641,,FW23,13
2023-12-03,adidas,korea,29.0,24.7863,-17.1429,-17.1429,,FW23,13
2023-12-03,puma,global,12.0,7.947,-7.6923,0.0,,FW23,13
2023-12-03,puma,korea,9.0,7.6923,12.5,12.5,,FW23,13
2023-12-03,new_balance,global,17.0,11.2583,-5.5556,6.25,,FW23,13
2023-12-03,new_balance,korea,15.0,12.8205,-6.25,-11.7647,,FW23,13
2023-12-10,nike,global,82.0,53.2468,0.0,7.8947,,FW23,14
2023-12-10,nike,korea,63.0,55.7522,-1.5625,-8.6957,,FW23,14
2023-12-10,adidas,global,43.0,27.9221,7.5,4.878,,FW23,14
2023-12-10,adidas,korea,28.0,24.7788,-3.4483,-17.6471,,FW23,14
2023-12-10,puma,global,12.0,7.7922,0.0,0.0,,FW23,14
2023-12-10,puma,korea,8.0,7.0796,-11.1111,-20.0,,FW23,14
2023-12-10,new_balance,global,17.0,11.039,0.0,0.0,,FW23,14
2023-12-10,new_balance,korea,14.0,12.3894,-6.6667,-22.2222,,FW23,14
2023-12-17,nike,global,77.0,53.4722,-6.0976,-23.0,,FW23,15
2023-12-17,nike,korea,61.0,53.9823,-3.1746,-26.506,,FW23,15
2023-12-17,adidas,global,39.0,27.0833,-9.3023,-23.5294,,FW23,15
2023-12-17,adidas,korea,29.0,25.6637,3.5714,-17.1429,,FW23,15
2023-12-17,puma,global,12.0,8.3333,0.0,-20.0,,FW23,15
2023-12-17,puma,korea,9.0,7.9646,12.5,0.0,,FW23,15
2023-12-17,new_balance,global,16.0,11.1111,-5.8824,-30.4348,,FW23,15
2023-12-17,new_balance,korea,14.0,12.3894,0.0,-17.6471,,FW23,15
2023-12-24,nike,global,80.0,52.2876,3.8961,-5.8824,63.2653,FW23,16
2023-12-24,nike,korea,64.0,54.2373,4.918,0.0,-12.3288,FW23,16
2023-12-24,adidas,global,42.0,27.451,7.6923,-4.5455,13.5135,FW23,16
2023-12-24,adidas,korea,29.0,24.5763,0.0,-17.1429,-9.375,FW23,16
2023-12-24,puma,global,12.0,7.8431,0.0,-7.6923,50.0,FW23,16
2023-12-24,puma,korea,10.0,8.4746,11.1111,25.0,11.1111,FW23,16
2023-12-24,new_balance,global,19.0,12.4183,18.75,5.5556,216.6667,FW23,16
2023-12-24,new_balance,korea,15.0,12.7119,7.1429,-6.25,-6.25,FW23,16
2023-12-31,nike,global,68.0,50.7463,-15.0,-17.0732,51.1111,FW23,17
2023-12-31,nike,korea,64.0,55.6522,0.0,0.0,-14.6667,FW23,17
2023-12-31,adidas,global,38.0,28.3582,-9.5238,-5.0,18.75,FW23,17
2023-12-31,adidas,korea,29.0,25.2174,0.0,0.0,3.5714,FW23,17
2023-12-31,puma,global,11.0,8.209,-8.3333,-8.3333,57.1429,FW23,17
2023-12-31,puma,korea,8.0,6.9565,-20.0,-11.1111,0.0,FW23,17
2023-12-31,new_balance,global,17.0,12.6866,-10.5263,0.0,183.3333,FW23,17
2023-12-31,new_balance,korea,14.0,12.1739,-6.6667,-6.6667,-6.6667,FW23,17
2024-01-07,nike,global,66.64,51.1553,-2.0,-18.7317,54.9767,FW23,18
2024-01-07,nike,korea,62.47,54.7023,-2.3906,-0.8413,-16.7067,FW23,18
2024-01-07,adidas,global,36.62,28.1108,-3.6316,-14.8372,14.4375,FW23,18
2024-01-07,adidas,korea,28.49,24.9475,-1.7586,1.75,-1.7586,FW23,18
2024-01-07,puma,global,11.08,8.5054,0.7273,-7.6667,58.2857,FW23,18
2024-01-07,puma,korea,8.97,7.8546,12.125,12.125,-0.3333,FW23,18
2024-01-07,new_balance,global,15.93,12.2284,-6.2941,-6.2941,165.5,FW23,18
2024-01-07,new_balance,korea,14.27,12.4956,1.9286,1.9286,-10.8125,FW23,18
2024-01-14,nike,global,62.89,51.6211,-5.6273,-18.3247,46.2558,FW23,19
2024-01-14,nike,korea,57.84,52.7785,-7.4116,-5.1803,-26.7848,FW23,19
2024-01-14,adidas,global,32.86,26.972,-10.2676,-15.7436,6.0,FW23,19
2024-01-14,adidas,korea,29.66,27.0645,4.1067,2.2759,-7.3125,FW23,19
2024-01-14,puma,global,10.15,8.3313,-8.3935,-15.4167,45.0,FW23,19
2024-01-14,puma,korea,8.4,7.6649,-6.3545,-6.6667,20.0,FW23,19
2024-01-14,new_balance,global,15.93,13.0756,0.0,-0.4375,218.6,FW23,19
2024-01-14,new_balance,korea,13.69,12.492,-4.0645,-2.2143,-14.4375,FW23,19
2024-01-21,nike,global,61.95,50.0768,-1.4947,-22.5625,51.0976,FW23,20
2024-01-21,nike,korea,58.42,52.5124,1.0028,-8.7188,-39.1458,FW23,20
2024-01-21,adidas,global,36.62,29.6015,11.4425,-12.8095,18.129,FW23,20
2024-01-21,adidas,korea,30.22,27.164,1.8881,4.2069,-18.3243,FW23,20
2024-01-21,puma,global,10.15,8.2047,0.0,-15.4167,45.0,FW23,20
2024-01-21,puma,korea,9.54,8.5753,13.5714,-4.6,6.0,FW23,20
2024-01-21,new_balance,global,14.99,12.117,-5.9008,-21.1053,199.8,FW23,20
2024-01-21,new_balance,korea,13.07,11.7483,-4.5289,-12.8667,-34.65,FW23,20
2024-01-28,nike,global,69.46,52.1942,12.1227,2.1471,65.381,FW23,21
2024-01-28,nike,korea,59.0,50.906,0.9928,-7.8125,-52.0325,FW23,21
2024-01-28,adidas,global,35.68,26.8109,-2.5669,-6.1053,15.0968,FW23,21
2024-01-28,adidas,korea,33.7,29.0768,11.5156,16.2069,-0.8824,FW23,21
2024-01-28,puma,global,11.08,8.3258,9.1626,0.7273,58.2857,FW23,21
2024-01-28,puma,korea,9.51,8.2053,-0.3145,18.875,5.6667,FW23,21
2024-01-28,new_balance,global,16.86,12.6691,12.475,-0.8235,237.2,FW23,21
2024-01-28,new_balance,korea,13.69,11.8119,4.7437,-2.2143,-27.9474,FW23,21
2024-02-04,nike,global,63.83,49.7157,-8.1054,-4.2167,59.575,FW23,22
2024-02-04,nike,korea,61.88,50.1377,4.8814,-0.9445,-36.2062,FW23,22
2024-02-04,adidas,global,35.68,27.7903,0.0,-2.5669,27.4286,FW23,22
2024-02-04,adidas,korea,35.43,28.7069,5.1335,24.3594,14.2903,FW23,22
2024-02-04,puma,global,11.08,8.63,0.0,0.0,84.6667,FW23,22
2024-02-04,puma,korea,10.05,8.1429,5.6782,12.0401,43.5714,FW23,22
2024-02-04,new_balance,global,17.8,13.864,5.5753,11.7389,256.0,FW23,22
2024-02-04,new_balance,korea,16.06,13.0125,17.3119,12.5438,-5.5294,FW23,22
2024-02-11,nike,global,63.83,50.4545,0.0,1.4947,63.6667,FW23,23
2024-02-11,nike,korea,94.85,58.0335,53.2805,63.9869,-4.1919,FW23,23
2024-02-11,adidas,global,34.74,27.4603,-2.6345,5.7212,15.8,FW23,23
2024-02-11,adidas,korea,40.65,24.8715,14.7333,37.0533,19.5588,FW23,23
2024-02-11,puma,global,11.08,8.7582,0.0,9.1626,58.2857,FW23,23
2024-02-11,puma,korea,10.08,6.1674,0.2985,20.0,26.0,FW23,23
2024-02-11,new_balance,global,16.86,13.327,-5.2809,5.838,237.2,FW23,23
2024-02-11,new_balance,korea,17.86,10.9276,11.208,30.4602,-33.8519,FW23,23
2024-02-18,nike,global,66.64,50.0751,4.4023,7.5706,70.8718,FW23,24
2024-02-18,nike,korea,74.03,53.6838,-21.9504,26.7203,-22.0737,FW23,24
2024-02-18,adidas,global,37.56,28.2236,8.1174,2.5669,21.1613,FW23,24
2024-02-18,adidas,korea,37.16,26.9471,-8.5855,22.9649,-2.2105,FW23,24
2024-02-18,puma,global,11.08,8.3258,0.0,9.1626,58.2857,FW23,24
2024-02-18,puma,korea,10.05,7.2879,-0.2976,5.3459,25.625,FW23,24
2024-02-18,new_balance,global,17.8,13.3754,5.5753,18.7458,196.6667,FW23,24
2024-02-18,new_balance,korea,16.66,12.0812,-6.7189,27.4675,-20.6667,FW23,24
2024-02-25,nike,global,65.7,48.3479,-1.4106,-5.4132,68.4615,FW23,25
2024-02-25,nike,korea,68.25,51.4047,-7.8076,15.678,-26.6129,FW23,25
2024-02-25,adidas,global,41.31,30.3996,9.984,15.7791,33.2581,FW23,25
2024-02-25,adidas,korea,38.35,28.8845,3.2024,13.7982,3.6486,FW23,25
2024-02-25,puma,global,11.08,8.1537,0.0,0.0,58.2857,FW23,25
2024-02-25,puma,korea,9.51,7.1628,-5.3731,0.0,35.8571,FW23,25
2024-02-25,new_balance,global,17.8,13.0988,0.0,5.5753,196.6667,FW23,25
2024-02-25,new_balance,korea,16.66,12.548,0.0,21.6947,-20.6667,FW23,25
2024-03-03,nike,global,67.58,46.5235,2.8615,5.875,111.1875,FW23,26
2024-03-03,nike,korea,64.2,51.0172,-5.9341,3.7492,-38.8571,FW23,26
2024-03-03,adidas,global,45.07,31.0271,9.1019,26.3173,36.5758,FW23,26
2024-03-03,adidas,korea,37.77,30.0143,-1.5124,6.6046,2.0811,FW23,26
2024-03-03,puma,global,12.0,8.261,8.3032,8.3032,71.4286,FW23,26
2024-03-03,puma,korea,8.4,6.6751,-11.6719,-16.4179,5.0,FW23,26
2024-03-03,new_balance,global,20.61,14.1884,15.7865,15.7865,312.2,FW23,26
2024-03-03,new_balance,korea,15.47,12.2934,-7.1429,-3.6737,-18.5789,FW23,26
2024-03-10,nike,global,62.89,46.2767,-6.9399,-1.4727,132.9259,SS24,1
2024-03-10,nike,korea,64.2,51.7325,0.0,-32.3142,-20.7407,SS24,1
2024-03-10,adidas,global,43.19,31.7807,-4.1713,24.3235,39.3226,SS24,1
2024-03-10,adidas,korea,35.41,28.5334,-6.2483,-12.8905,-6.8158,SS24,1
2024-03-10,puma,global,11.08,8.1531,-7.6667,0.0,84.6667,SS24,1
2024-03-10,puma,korea,8.4,6.7687,0.0,-16.6667,5.0,SS24,1
2024-03-10,new_balance,global,18.74,13.7896,-9.0733,11.1507,274.8,SS24,1
2024-03-10,new_balance,korea,16.09,12.9654,4.0078,-9.9104,-5.3529,SS24,1
2024-03-17,nike,global,66.64,46.7813,5.9628,0.0,138.0,SS24,2
2024-03-17,nike,korea,67.09,49.9553,4.5016,-9.3746,-27.8602,SS24,2
2024-03-17,adidas,global,44.13,30.9793,2.1764,17.492,29.7941,SS24,2
2024-03-17,adidas,korea,38.89,28.9576,9.8277,4.6555,2.3421,SS24,2
2024-03-17,puma,global,12.0,8.424,8.3032,8.3032,100.0,SS24,2
2024-03-17,puma,korea,12.23,9.1065,45.5952,21.6915,74.7143,SS24,2
2024-03-17,new_balance,global,19.68,13.8154,5.016,10.5618,293.6,SS24,2
2024-03-17,new_balance,korea,16.09,11.9806,0.0,-3.4214,-5.3529,SS24,2
2024-03-24,nike,global,70.4,45.528,5.6423,7.1537,160.7407,SS24,3
2024-03-24,nike,korea,68.25,49.9378,1.729,0.0,-28.9063,SS24,3
2024-03-24,adidas,global,49.76,32.18,12.7578,20.4551,50.7879,SS24,3
2024-03-24,adidas,korea,40.64,29.7359,4.4999,5.9713,4.2051,SS24,3
2024-03-24,puma,global,12.92,8.3554,7.6667,16.6065,115.3333,SS24,3
2024-03-24,puma,korea,11.12,8.1364,-9.076,16.9295,39.0,SS24,3
2024-03-24,new_balance,global,21.55,13.9365,9.502,21.0674,331.0,SS24,3
2024-03-24,new_balance,korea,16.66,12.1899,3.5426,0.0,-7.4444,SS24,3
2024-03-31,nike,global,69.46,46.3252,-1.3352,2.7819,131.5333,SS24,4
2024-03-31,nike,korea,65.35,49.6996,-4.2491,1.7913,-26.573,SS24,4
2024-03-31,adidas,global,46.95,31.3125,-5.6471,4.1713,34.1429,SS24,4
2024-03-31,adidas,korea,40.06,30.4662,-1.4272,6.063,8.2703,SS24,4
2024-03-31,puma,global,12.92,8.6168,0.0,7.6667,84.5714,SS24,4
2024-03-31,puma,korea,10.02,7.6204,-9.8921,19.2857,0.2,SS24,4
2024-03-31,new_balance,global,20.61,13.7455,-4.3619,0.0,243.5,SS24,4
2024-03-31,new_balance,korea,16.06,12.2139,-3.6014,3.8138,-15.4737,SS24,4
2024-04-07,nike,global,69.46,46.9039,0.0,10.4468,124.0645,SS24,5
2024-04-07,nike,korea,71.14,52.209,8.86,10.81,-25.1158,SS24,5
2024-04-07,adidas,global,46.95,31.7037,0.0,8.7057,30.4167,SS24,5
2024-04-07,adidas,korea,38.89,28.541,-2.9206,9.8277,17.8485,SS24,5
2024-04-07,puma,global,12.0,8.1032,-7.1207,8.3032,100.0,SS24,5
2024-04-07,puma,korea,8.4,6.1647,-16.1677,0.0,5.0,SS24,5
2024-04-07,new_balance,global,19.68,13.2892,-4.5124,5.016,228.0,SS24,5
2024-04-07,new_balance,korea,17.83,13.0853,11.0212,10.8142,-6.1579,SS24,5
2024-04-14,nike,global,66.64,46.1784,-4.0599,0.0,122.1333,SS24,6
2024-04-14,nike,korea,70.56,51.5639,-0.8153,5.1722,-25.7263,SS24,6
2024-04-14,adidas,global,45.07,31.2314,-4.0043,2.1301,28.7714,SS24,6
2024-04-14,adidas,korea,38.31,27.9962,-1.4914,-1.4914,12.6765,SS24,6
2024-04-14,puma,global,12.92,8.9529,7.6667,7.6667,115.3333,SS24,6
2024-04-14,puma,korea,9.54,6.9716,13.5714,-21.9951,36.2857,SS24,6
2024-04-14,new_balance,global,19.68,13.6373,0.0,0.0,293.6,SS24,6
2024-04-14,new_balance,korea,18.43,13.4683,3.3651,14.5432,8.4118,SS24,6
2024-04-21,nike,global,66.64,46.172,0.0,-5.3409,129.7931,SS24,7
2024-04-21,nike,korea,65.94,51.0016,-6.5476,-3.3846,-31.3125,SS24,7
2024-04-21,adidas,global,46.01,31.8783,2.0856,-7.5362,31.4571,SS24,7
2024-04-21,adidas,korea,38.33,29.6465,0.0522,-5.6841,9.5143,SS24,7
2024-04-21,puma,global,12.0,8.3143,-7.1207,-7.1207,100.0,SS24,7
2024-04-21,puma,korea,8.97,6.9379,-5.9748,-19.3345,-0.3333,SS24,7
2024-04-21,new_balance,global,19.68,13.6354,0.0,-8.6775,293.6,SS24,7
2024-04-21,new_balance,korea,16.05,12.414,-12.9137,-3.6615,-10.8333,SS24,7
2024-04-28,nike,global,67.58,46.8233,1.4106,-2.7066,141.3571,SS24,8
2024-04-28,nike,korea,87.33,55.7841,32.4386,33.6343,-11.7879,SS24,8
2024-04-28,adidas,global,45.07,31.227,-2.043,-4.0043,21.8108,SS24,8
2024-04-28,adidas,korea,42.37,27.0648,10.54,5.7664,3.3415,SS24,8
2024-04-28,puma,global,12.0,8.3143,0.0,-7.1207,100.0,SS24,8
2024-04-28,puma,korea,8.4,5.3657,-6.3545,-16.1677,5.0,SS24,8
2024-04-28,new_balance,global,19.68,13.6354,0.0,-4.5124,293.6,SS24,8
2024-04-28,new_balance,korea,18.45,11.7854,14.9533,14.8817,2.5,SS24,8
2024-05-05,nike,global,64.76,46.0696,-4.1728,-6.7665,131.2857,SS24,9
2024-05-05,nike,korea,68.25,51.8459,-21.8482,-4.0624,-23.3146,SS24,9
2024-05-05,adidas,global,45.07,32.0623,0.0,-4.0043,25.1944,SS24,9
2024-05-05,adidas,korea,38.33,29.1173,-9.535,-1.44,-1.7179,SS24,9
2024-05-05,puma,global,12.0,8.5367,0.0,0.0,100.0,SS24,9
2024-05-05,puma,korea,8.4,6.381,0.0,0.0,5.0,SS24,9
2024-05-05,new_balance,global,18.74,13.3314,-4.7764,-4.7764,274.8,SS24,9
2024-05-05,new_balance,korea,16.66,12.6557,-9.7019,-6.562,-2.0,SS24,9
2024-05-12,nike,global,63.83,46.0202,-1.4361,-4.2167,127.9643,SS24,10
2024-05-12,nike,korea,65.36,51.4646,-4.2344,-7.3696,-20.2927,SS24,10
2024-05-12,adidas,global,45.07,32.4946,0.0,0.0,32.5588,SS24,10
2024-05-12,adidas,korea,36.58,28.8031,-4.5656,-4.5158,-3.7368,SS24,10
2024-05-12,puma,global,12.0,8.6518,0.0,-7.1207,100.0,SS24,10
2024-05-12,puma,korea,8.4,6.6142,0.0,-11.9497,-6.6667,SS24,10
2024-05-12,new_balance,global,17.8,12.8335,-5.016,-9.5528,256.0,SS24,10
2024-05-12,new_balance,korea,16.66,13.1181,0.0,-9.6039,-2.0,SS24,10
2024-05-19,nike,global,62.89,47.2644,-1.4727,-5.6273,151.56,SS24,11
2024-05-19,nike,korea,63.04,50.3555,-3.5496,-4.3979,-20.2025,SS24,11
2024-05-19,adidas,global,41.31,31.0461,-8.3426,-10.2152,25.1818,SS24,11
2024-05-19,adidas,korea,36.58,29.2196,0.0,-4.5656,-1.1351,SS24,11
2024-05-19,puma,global,12.0,9.0185,0.0,0.0,100.0,SS24,11
2024-05-19,puma,korea,9.51,7.5965,13.2143,6.0201,5.6667,SS24,11
2024-05-19,new_balance,global,16.86,12.671,-5.2809,-14.3293,237.2,SS24,11
2024-05-19,new_balance,korea,16.06,12.8285,-3.6014,0.0623,14.7143,SS24,11
2024-05-26,nike,global,64.76,47.0059,2.9734,-4.1728,149.0769,SS24,12
2024-05-26,nike,korea,66.52,51.9241,5.5203,-23.8292,-13.6104,SS24,12
2024-05-26,adidas,global,45.07,32.7139,9.1019,0.0,28.7714,SS24,12
2024-05-26,adidas,korea,36.58,28.5536,0.0,-13.6653,-8.55,SS24,12
2024-05-26,puma,global,11.08,8.0424,-7.6667,-7.6667,58.2857,SS24,12
2024-05-26,puma,korea,8.36,6.5256,-12.0925,-0.4762,-16.4,SS24,12
2024-05-26,new_balance,global,16.86,12.2378,0.0,-14.3293,237.2,SS24,12
2024-05-26,new_balance,korea,16.65,12.9966,3.6737,-9.7561,11.0,SS24,12
2024-06-02,nike,global,62.89,46.2835,-2.8876,-2.8876,162.0417,SS24,13
2024-06-02,nike,korea,64.78,49.8538,-2.6158,-5.0842,-13.6267,SS24,13
2024-06-02,adidas,global,44.13,32.4772,-2.0856,-2.0856,19.2703,SS24,13
2024-06-02,adidas,korea,37.74,29.0442,3.1711,-1.5393,2.0,SS24,13
2024-06-02,puma,global,12.0,8.8313,8.3032,0.0,100.0,SS24,13
2024-06-02,puma,korea,8.97,6.9032,7.2967,6.7857,12.125,SS24,13
2024-06-02,new_balance,global,16.86,12.408,0.0,-10.032,321.5,SS24,13
2024-06-02,new_balance,korea,18.45,14.1989,10.8108,10.7443,15.3125,SS24,13
2024-06-09,nike,global,61.95,45.585,-1.4947,-2.9453,169.3478,SS24,14
2024-06-09,nike,korea,62.47,48.5016,-3.5659,-4.4217,-19.9103,SS24,14
2024-06-09,adidas,global,46.01,33.8558,4.2601,2.0856,27.8056,SS24,14
2024-06-09,adidas,korea,37.16,28.8509,-1.5368,1.5856,3.2222,SS24,14
2024-06-09,puma,global,11.08,8.1531,-7.6667,-7.6667,84.6667,SS24,14
2024-06-09,puma,korea,9.51,7.3835,6.0201,13.2143,5.6667,SS24,14
2024-06-09,new_balance,global,16.86,12.4062,0.0,-5.2809,321.5,SS24,14
2024-06-09,new_balance,korea,19.66,15.264,6.5583,18.0072,51.2308,SS24,14
2024-06-16,nike,global,59.13,45.0652,-4.5521,-5.9787,157.087,SS24,15
2024-06-16,nike,korea,59.57,48.4821,-4.6422,-5.5044,-20.5733,SS24,15
2024-06-16,adidas,global,45.07,34.3495,-2.043,9.1019,32.5588,SS24,15
2024-06-16,adidas,korea,39.47,32.1234,6.2164,7.9005,9.6389,SS24,15
2024-06-16,puma,global,11.08,8.4445,0.0,-7.6667,84.6667,SS24,15
2024-06-16,puma,korea,8.36,6.8039,-12.0925,-12.0925,-7.1111,SS24,15
2024-06-16,new_balance,global,15.93,12.1408,-5.516,-5.516,298.25,SS24,15
2024-06-16,new_balance,korea,15.47,12.5905,-21.3123,-3.6737,19.0,SS24,15
2024-06-23,nike,global,60.07,46.7944,1.5897,-7.2421,150.2917,SS24,16
2024-06-23,nike,korea,63.05,49.677,5.8419,-5.2165,-13.6301,SS24,16
2024-06-23,adidas,global,41.31,32.1804,-8.3426,-8.3426,11.6486,SS24,16
2024-06-23,adidas,korea,38.89,30.6413,-1.4695,6.3149,8.0278,SS24,16
2024-06-23,puma,global,12.0,9.348,8.3032,8.3032,100.0,SS24,16
2024-06-23,puma,korea,9.51,7.4929,13.756,13.756,5.6667,SS24,16
2024-06-23,new_balance,global,14.99,11.6772,-5.9008,-11.0913,274.75,SS24,16
2024-06-23,new_balance,korea,15.47,12.1888,0.0,-7.0871,10.5,SS24,16
2024-06-30,nike,global,61.95,46.2244,3.1297,-1.4947,5.0,SS24,17
2024-06-30,nike,korea,68.25,51.6459,8.2474,5.3566,-3.8732,SS24,17
2024-06-30,adidas,global,44.13,32.9279,6.8264,0.0,22.5833,SS24,17
2024-06-30,adidas,korea,37.16,28.1196,-4.4484,-1.5368,12.6061,SS24,17
2024-06-30,puma,global,11.08,8.2674,-7.6667,-7.6667,10.8,SS24,17
2024-06-30,puma,korea,10.08,7.6277,5.9937,12.3746,12.0,SS24,17
2024-06-30,new_balance,global,16.86,12.5802,12.475,0.0,53.2727,SS24,17
2024-06-30,new_balance,korea,16.66,12.6069,7.6923,-9.7019,28.1538,SS24,17
2024-07-07,nike,global,63.83,46.6525,3.0347,3.0347,-6.1324,SS24,18
2024-07-07,nike,korea,65.93,52.4086,-3.3993,5.5387,-9.6849,SS24,18
2024-07-07,adidas,global,43.19,31.567,-2.1301,-6.1291,39.3226,SS24,18
2024-07-07,adidas,korea,36.58,29.0779,-1.5608,-1.5608,14.3125,SS24,18
2024-07-07,puma,global,12.0,8.7706,8.3032,8.3032,9.0909,SS24,18
2024-07-07,puma,korea,8.4,6.6773,-16.6667,-11.6719,20.0,SS24,18
2024-07-07,new_balance,global,17.8,13.0098,5.5753,5.5753,27.1429,SS24,18
2024-07-07,new_balance,korea,14.89,11.8362,-10.6242,-24.2625,24.0833,SS24,18
2024-07-14,nike,global,63.83,46.0202,0.0,7.9486,-8.8143,SS24,19
2024-07-14,nike,korea,63.05,51.5283,-4.3683,5.8419,-13.6301,SS24,19
2024-07-14,adidas,global,45.07,32.4946,4.3529,0.0,55.4138,SS24,19
2024-07-14,adidas,korea,36.01,29.4296,-1.5582,-8.7662,9.1212,SS24,19
2024-07-14,puma,global,12.0,8.6518,0.0,8.3032,9.0909,SS24,19
2024-07-14,puma,korea,8.43,6.8895,0.3571,0.8373,-15.7,SS24,19
2024-07-14,new_balance,global,17.8,12.8335,0.0,11.7389,27.1429,SS24,19
2024-07-14,new_balance,korea,14.87,12.1527,-0.1343,-3.8785,23.9167,SS24,19
2024-07-21,nike,global,67.58,47.7563,5.875,12.5021,-3.4571,SS24,20
2024-07-21,nike,korea,59.0,51.6366,-6.4235,-6.4235,-20.2703,SS24,20
2024-07-21,adidas,global,44.13,31.1851,-2.0856,6.8264,42.3548,SS24,20
2024-07-21,adidas,korea,32.51,28.4527,-9.7195,-16.4052,-7.1143,SS24,20
2024-07-21,puma,global,12.0,8.48,0.0,0.0,0.0,SS24,20
2024-07-21,puma,korea,7.86,6.879,-6.7616,-17.3502,-12.6667,SS24,20
2024-07-21,new_balance,global,17.8,12.5786,0.0,18.7458,18.6667,SS24,20
2024-07-21,new_balance,korea,14.89,13.0317,0.1345,-3.7492,24.0833,SS24,20
2024-07-28,nike,global,66.64,48.3775,-1.3909,7.5706,-11.1467,SS24,21
2024-07-28,nike,korea,60.15,50.3769,1.9492,-11.8681,-14.0714,SS24,21
2024-07-28,adidas,global,41.31,29.9891,-6.3902,-6.3902,21.5,SS24,21
2024-07-28,adidas,korea,34.84,29.1792,7.167,-6.2433,12.3871,SS24,21
2024-07-28,puma,global,12.0,8.7114,0.0,8.3032,0.0,SS24,21
2024-07-28,puma,korea,8.94,7.4874,13.7405,-11.3095,-0.6667,SS24,21
2024-07-28,new_balance,global,17.8,12.922,0.0,5.5753,11.25,SS24,21
2024-07-28,new_balance,korea,15.47,12.9564,3.8952,-7.1429,28.9167,SS24,21
2024-08-04,nike,global,70.4,46.6596,5.6423,10.293,-7.3684,SS24,22
2024-08-04,nike,korea,59.57,49.3947,-0.9643,-9.6466,-12.3971,SS24,22
2024-08-04,adidas,global,48.82,32.3568,18.1796,13.0354,39.4857,SS24,22
2024-08-04,adidas,korea,38.32,31.7745,9.9885,4.7567,23.6129,SS24,22
2024-08-04,puma,global,12.92,8.5631,7.6667,7.6667,7.6667,SS24,22
2024-08-04,puma,korea,7.82,6.4842,-12.528,-6.9048,-2.25,SS24,22
2024-08-04,new_balance,global,18.74,12.4205,5.2809,5.2809,10.2353,SS24,22
2024-08-04,new_balance,korea,14.89,12.3466,-3.7492,0.0,35.3636,SS24,22
2024-08-11,nike,global,67.58,45.0744,-4.0057,5.875,-4.8169,SS24,23
2024-08-11,nike,korea,60.73,48.9482,1.9473,-3.6796,-3.6032,SS24,23
2024-08-11,adidas,global,48.82,32.5619,0.0,8.3204,47.9394,SS24,23
2024-08-11,adidas,korea,39.48,31.8207,3.0271,9.6362,27.3548,SS24,23
2024-08-11,puma,global,12.92,8.6174,0.0,7.6667,17.4545,SS24,23
2024-08-11,puma,korea,8.97,7.2298,14.7059,6.4057,28.1429,SS24,23
2024-08-11,new_balance,global,20.61,13.7464,9.9787,15.7865,28.8125,SS24,23
2024-08-11,new_balance,korea,14.89,12.0013,0.0,0.1345,6.3571,SS24,23
2024-08-18,nike,global,72.27,48.1929,6.9399,6.9399,-2.3378,SS24,24
2024-08-18,nike,korea,70.57,51.5825,16.2029,19.6102,6.9242,SS24,24
2024-08-18,adidas,global,46.01,30.6815,-5.7558,4.2601,43.7813,SS24,24
2024-08-18,adidas,korea,41.2,30.1148,4.3566,26.7302,32.9032,SS24,24
2024-08-18,puma,global,12.0,8.0021,-7.1207,0.0,9.0909,SS24,24
2024-08-18,puma,korea,8.97,6.5565,0.0,14.1221,28.1429,SS24,24
2024-08-18,new_balance,global,19.68,13.1235,-4.5124,10.5618,23.0,SS24,24
2024-08-18,new_balance,korea,16.07,11.7462,7.9248,7.9248,23.6154,SS24,24
2024-08-25,nike,global,68.52,45.6983,-5.1889,2.8211,-7.4054,SS24,25
2024-08-25,nike,korea,62.47,46.8677,-11.478,3.857,-2.3906,SS24,25
2024-08-25,adidas,global,48.82,32.5597,6.1074,18.1796,47.9394,SS24,25
2024-08-25,adidas,korea,45.82,34.3762,11.2136,31.5155,38.8485,SS24,25
2024-08-25,puma,global,12.92,8.6168,7.6667,7.6667,17.4545,SS24,25
2024-08-25,puma,korea,8.94,6.7072,-0.3344,0.0,27.7143,SS24,25
2024-08-25,new_balance,global,19.68,13.1253,0.0,10.5618,15.7647,SS24,25
2024-08-25,new_balance,korea,16.06,12.0489,-0.0622,3.8138,23.5385,SS24,25
2024-09-01,nike,global,67.58,45.9322,-1.3719,-4.0057,-4.8169,SS24,26
2024-09-01,nike,korea,61.89,47.8988,-0.9284,3.8946,-4.7846,SS24,26
2024-09-01,adidas,global,46.95,31.9106,-3.8304,-3.8304,42.2727,SS24,26
2024-09-01,adidas,korea,40.05,30.9961,-12.5928,4.5146,17.7941,SS24,26
2024-09-01,puma,global,12.92,8.7813,0.0,0.0,17.4545,SS24,26
2024-09-01,puma,korea,11.2,8.6681,25.2796,43.2225,40.0,SS24,26
2024-09-01,new_balance,global,19.68,13.3759,0.0,5.016,23.0,SS24,26
2024-09-01,new_balance,korea,16.07,12.4371,0.0623,7.9248,14.7857,SS24,26
2024-09-08,nike,global,63.83,45.7104,-5.549,-5.549,-4.7313,FW24,1
2024-09-08,nike,korea,58.99,48.6797,-4.6857,-2.8651,-9.2462,FW24,1
2024-09-08,adidas,global,45.07,32.2759,-4.0043,-7.6813,40.8438,FW24,1
2024-09-08,adidas,korea,38.28,31.5894,-4.4195,-3.0395,12.5882,FW24,1
2024-09-08,puma,global,12.0,8.5935,-7.1207,-7.1207,9.0909,FW24,1
2024-09-08,puma,korea,7.82,6.4532,-30.1786,-12.8205,-21.8,FW24,1
2024-09-08,new_balance,global,18.74,13.4202,-4.7764,-9.0733,24.9333,FW24,1
2024-09-08,new_balance,korea,16.09,13.2778,0.1245,8.0591,7.2667,FW24,1
2024-09-15,nike,global,62.89,46.2767,-1.4727,-12.9791,-8.8551,FW24,2
2024-09-15,nike,korea,66.52,46.2941,12.7649,-5.739,-0.7164,FW24,2
2024-09-15,adidas,global,43.19,31.7807,-4.1713,-6.1291,19.9722,FW24,2
2024-09-15,adidas,korea,46.42,32.3057,21.2644,12.6699,36.5294,FW24,2
2024-09-15,puma,global,11.08,8.1531,-7.6667,-7.6667,0.7273,FW24,2
2024-09-15,puma,korea,11.69,8.1356,49.4885,30.3233,46.125,FW24,2
2024-09-15,new_balance,global,18.74,13.7896,0.0,-4.7764,17.125,FW24,2
2024-09-15,new_balance,korea,19.06,13.2647,18.4587,18.6061,27.0667,FW24,2
2024-09-22,nike,global,62.89,46.9328,0.0,-8.2166,-10.1571,FW24,3
2024-09-22,nike,korea,62.46,47.2537,-6.1034,-0.016,-10.7714,FW24,3
2024-09-22,adidas,global,41.31,30.8284,-4.3529,-15.383,29.0938,FW24,3
2024-09-22,adidas,korea,41.78,31.6084,-9.9957,-8.8171,16.0556,FW24,3
2024-09-22,puma,global,12.0,8.9552,8.3032,-7.1207,9.0909,FW24,3
2024-09-22,puma,korea,10.08,7.626,-13.7725,12.7517,12.0,FW24,3
2024-09-22,new_balance,global,17.8,13.2836,-5.016,-9.5528,11.25,FW24,3
2024-09-22,new_balance,korea,17.86,13.5119,-6.2959,11.208,11.625,FW24,3
2024-09-29,nike,global,61.01,44.598,-2.9893,-9.7218,-11.5797,FW24,4
2024-09-29,nike,korea,65.35,46.2066,4.627,5.5906,-7.9577,FW24,4
2024-09-29,adidas,global,45.07,32.9459,9.1019,-4.0043,36.5758,FW24,4
2024-09-29,adidas,korea,46.99,33.2249,12.4701,17.3283,23.6579,FW24,4
2024-09-29,puma,global,12.92,9.4444,7.6667,0.0,-0.6154,FW24,4
2024-09-29,puma,korea,10.62,7.509,5.3571,-5.1786,18.0,FW24,4
2024-09-29,new_balance,global,17.8,13.0117,0.0,-9.5528,4.7059,FW24,4
2024-09-29,new_balance,korea,18.47,13.0595,3.4155,14.9347,2.6111,FW24,4
2024-10-06,nike,global,61.95,45.9093,1.5407,-2.9453,-11.5,FW24,5
2024-10-06,nike,korea,61.31,46.1915,-6.1821,3.9329,-17.1486,FW24,5
2024-10-06,adidas,global,43.19,32.0068,-4.1713,-4.1713,30.8788,FW24,5
2024-10-06,adidas,korea,42.36,31.9144,-9.8532,10.6583,21.0286,FW24,5
2024-10-06,puma,global,12.0,8.8928,-7.1207,0.0,0.0,FW24,5
2024-10-06,puma,korea,11.2,8.4382,5.4614,43.2225,24.4444,FW24,5
2024-10-06,new_balance,global,17.8,13.191,0.0,-5.016,11.25,FW24,5
2024-10-06,new_balance,korea,17.86,13.4559,-3.3027,11.0006,-0.7778,FW24,5
2024-10-13,nike,global,61.95,46.5579,0.0,-1.4947,-12.7465,FW24,6
2024-10-13,nike,korea,56.68,46.3299,-7.5518,-14.7925,-34.093,FW24,6
2024-10-13,adidas,global,41.31,31.0461,-4.3529,-4.3529,11.6486,FW24,6
2024-10-13,adidas,korea,38.31,31.3144,-9.5609,-17.4709,3.5405,FW24,6
2024-10-13,puma,global,12.0,9.0185,0.0,8.3032,9.0909,FW24,6
2024-10-13,puma,korea,10.08,8.2393,-10.0,-13.7725,26.0,FW24,6
2024-10-13,new_balance,global,17.8,13.3774,0.0,-5.016,18.6667,FW24,6
2024-10-13,new_balance,korea,17.27,14.1164,-3.3035,-9.3914,7.9375,FW24,6
2024-10-20,nike,global,60.07,46.4507,-3.0347,-4.484,-11.6618,FW24,7
2024-10-20,nike,korea,55.53,46.7228,-2.0289,-11.0951,-28.8077,FW24,7
2024-10-20,adidas,global,41.31,31.944,0.0,0.0,14.75,FW24,7
2024-10-20,adidas,korea,35.98,30.2735,-6.082,-13.8822,-5.3158,FW24,7
2024-10-20,puma,global,11.08,8.5679,-7.6667,-7.6667,0.7273,FW24,7
2024-10-20,puma,korea,10.08,8.4813,0.0,0.0,44.0,FW24,7
2024-10-20,new_balance,global,16.86,13.0374,-5.2809,-5.2809,12.4,FW24,7
2024-10-20,new_balance,korea,17.26,14.5225,-0.0579,-3.3595,7.875,FW24,7
2024-10-27,nike,global,60.07,46.4507,0.0,-1.5407,-7.5846,FW24,8
2024-10-27,nike,korea,67.1,52.1327,20.8356,2.6779,0.1493,FW24,8
2024-10-27,adidas,global,41.31,31.944,0.0,-8.3426,14.75,FW24,8
2024-10-27,adidas,korea,36.01,27.9776,0.0834,-23.3667,2.8857,FW24,8
2024-10-27,puma,global,11.08,8.5679,0.0,-14.2415,0.7273,FW24,8
2024-10-27,puma,korea,9.54,7.412,-5.3571,-10.1695,36.2857,FW24,8
2024-10-27,new_balance,global,16.86,13.0374,0.0,-5.2809,20.4286,FW24,8
2024-10-27,new_balance,korea,16.06,12.4777,-6.9525,-13.0482,-5.5294,FW24,8
2024-11-03,nike,global,61.95,46.5579,3.1297,0.0,-17.4,FW24,9
2024-11-03,nike,korea,61.31,48.2642,-8.6289,0.0,-9.8382,FW24,9
2024-11-03,adidas,global,42.25,31.7526,2.2755,-2.1764,8.3333,FW24,9
2024-11-03,adidas,korea,37.17,29.2608,3.2213,-12.2521,6.2,FW24,9
2024-11-03,puma,global,12.0,9.0185,8.3032,0.0,0.0,FW24,9
2024-11-03,puma,korea,10.08,7.9351,5.6604,-10.0,26.0,FW24,9
2024-11-03,new_balance,global,16.86,12.671,0.0,-5.2809,5.375,FW24,9
2024-11-03,new_balance,korea,18.47,14.5399,15.0062,3.4155,8.6471,FW24,9
2024-11-10,nike,global,67.58,47.1368,9.088,9.088,-11.0789,FW24,10
2024-11-10,nike,korea,54.37,46.3591,-11.3195,-4.0755,-21.2029,FW24,10
2024-11-10,adidas,global,44.13,30.7805,4.4497,6.8264,7.6341,FW24,10
2024-11-10,adidas,korea,32.51,27.72,-12.537,-15.1397,-4.3824,FW24,10
2024-11-10,puma,global,12.92,9.0116,7.6667,7.6667,7.6667,FW24,10
2024-11-10,puma,korea,9.54,8.1344,-5.3571,-5.3571,-4.6,FW24,10
2024-11-10,new_balance,global,18.74,13.0711,11.1507,5.2809,10.2353,FW24,10
2024-11-10,new_balance,korea,20.86,17.7865,12.9399,20.7875,15.8889,FW24,10
2024-11-17,nike,global,77.9,49.7732,15.2708,29.682,-22.1,FW24,11
2024-11-17,nike,korea,75.77,54.0134,39.3599,36.4488,-8.7108,FW24,11
2024-11-17,adidas,global,46.01,29.3975,4.2601,11.3774,-9.7843,FW24,11
2024-11-17,adidas,korea,35.38,25.221,8.8281,-1.6676,1.0857,FW24,11
2024-11-17,puma,global,12.92,8.2551,0.0,16.6065,-13.8667,FW24,11
2024-11-17,puma,korea,10.66,7.5991,11.74,5.754,18.4444,FW24,11
2024-11-17,new_balance,global,19.68,12.5743,5.016,16.726,-14.4348,FW24,11
2024-11-17,new_balance,korea,18.47,13.1665,-11.4573,7.0104,8.6471,FW24,11
2024-11-24,nike,global,93.86,48.8549,20.4878,56.251,10.4235,FW24,12
2024-11-24,nike,korea,58.99,49.3929,-22.146,-12.0864,-7.8281,FW24,12
2024-11-24,adidas,global,56.34,29.3254,22.4516,36.3834,28.0455,FW24,12
2024-11-24,adidas,korea,33.62,28.1504,-4.9746,-6.637,-3.9429,FW24,12
2024-11-24,puma,global,15.69,8.1668,21.4396,41.6065,20.6923,FW24,12
2024-11-24,puma,korea,7.75,6.4892,-27.2983,-18.7631,-3.125,FW24,12
2024-11-24,new_balance,global,26.23,13.6529,33.2825,55.5753,45.7222,FW24,12
2024-11-24,new_balance,korea,19.07,15.9675,3.2485,18.7422,19.1875,FW24,12
2024-12-01,nike,global,79.78,48.6463,-15.0011,28.7813,-2.7073,FW24,13
2024-12-01,nike,korea,47.66,48.6823,-19.2066,-22.2639,-25.5313,FW24,13
2024-12-01,adidas,global,48.82,29.7683,-13.3475,15.5503,22.05,FW24,13
2024-12-01,adidas,korea,29.41,30.0409,-12.5223,-20.8771,1.4138,FW24,13
2024-12-01,puma,global,13.85,8.4451,-11.7272,15.4167,15.4167,FW24,13
2024-12-01,puma,korea,6.84,6.9867,-11.7419,-32.1429,-24.0,FW24,13
2024-12-01,new_balance,global,21.55,13.1402,-17.8422,27.8173,26.7647,FW24,13
2024-12-01,new_balance,korea,13.99,14.2901,-26.6387,-24.2555,-6.7333,FW24,13
2024-12-08,nike,global,76.03,49.4697,-4.7004,12.5037,-7.2805,FW24,14
2024-12-08,nike,korea,45.03,50.8814,-5.5183,-17.1786,-28.5238,FW24,14
2024-12-08,adidas,global,44.13,28.7136,-9.6067,0.0,2.6279,FW24,14
2024-12-08,adidas,korea,23.64,26.7119,-19.6192,-27.2839,-15.5714,FW24,14
2024-12-08,puma,global,13.85,9.0116,0.0,7.1981,15.4167,FW24,14
2024-12-08,puma,korea,5.81,6.565,-15.0585,-39.0985,-27.375,FW24,14
2024-12-08,new_balance,global,19.68,12.805,-8.6775,5.016,15.7647,FW24,14
2024-12-08,new_balance,korea,14.02,15.8418,0.2144,-32.79,0.1429,FW24,14
2024-12-15,nike,global,77.9,51.627,2.4596,0.0,1.1688,FW24,15
2024-12-15,nike,korea,45.02,51.4691,-0.0222,-40.5833,-26.1967,FW24,15
2024-12-15,adidas,global,42.25,28.0005,-4.2601,-8.1721,8.3333,FW24,15
2024-12-15,adidas,korea,23.64,27.0264,0.0,-33.1826,-18.4828,FW24,15
2024-12-15,puma,global,12.0,7.9528,-13.3574,-7.1207,0.0,FW24,15
2024-12-15,puma,korea,5.34,6.105,-8.0895,-49.9062,-40.6667,FW24,15
2024-12-15,new_balance,global,18.74,12.4196,-4.7764,-4.7764,17.125,FW24,15
2024-12-15,new_balance,korea,13.47,15.3996,-3.923,-27.0709,-3.7857,FW24,15
2024-12-22,nike,global,73.21,48.2279,-6.0205,-22.0009,-8.4875,FW24,16
2024-12-22,nike,korea,46.6,51.0909,3.5096,-21.0036,-27.1875,FW24,16
2024-12-22,adidas,global,43.19,28.4519,2.2249,-23.3404,2.8333,FW24,16
2024-12-22,adidas,korea,24.16,26.4883,2.1997,-28.138,-16.6897,FW24,16
2024-12-22,puma,global,13.85,9.1238,15.4167,-11.7272,15.4167,FW24,16
2024-12-22,puma,korea,5.39,5.9094,0.9363,-30.4516,-46.1,FW24,16
2024-12-22,new_balance,global,21.55,14.1963,14.9947,-17.8422,13.4211,FW24,16
2024-12-22,new_balance,korea,15.06,16.5113,11.804,-21.0278,0.4,FW24,16
2024-12-29,nike,global,64.76,47.3357,-11.5421,-18.8268,-4.7647,FW24,17
2024-12-29,nike,korea,44.51,51.1786,-4.485,-6.6093,-30.4531,FW24,17
2024-12-29,adidas,global,40.37,29.5081,-6.5293,-17.3085,6.2368,FW24,17
2024-12-29,adidas,korea,23.65,27.1933,-2.1109,-19.5852,-18.4483,FW24,17
2024-12-29,puma,global,12.0,8.7713,-13.3574,-13.3574,9.0909,FW24,17
2024-12-29,puma,korea,5.34,6.14,-0.9276,-21.9298,-33.25,FW24,17
2024-12-29,new_balance,global,19.68,14.3849,-8.6775,-8.6775,15.7647,FW24,17
2024-12-29,new_balance,korea,13.47,15.4881,-10.5578,-3.7169,-3.7857,FW24,17
2025-01-05,nike,global,62.89,46.9293,-2.8876,-17.2827,-5.6273,FW24,18
2025-01-05,nike,korea,47.67,51.1261,7.0995,5.8628,-23.6914,FW24,18
2025-01-05,adidas,global,39.44,29.4306,-2.3037,-10.6277,7.7007,FW24,18
2025-01-05,adidas,korea,24.7,26.4908,4.4397,4.4839,-13.3029,FW24,18
2025-01-05,puma,global,12.0,8.9546,0.0,-13.3574,8.3032,FW24,18
2025-01-05,puma,korea,6.33,6.7889,18.5393,8.9501,-29.4314,FW24,18
2025-01-05,new_balance,global,19.68,14.6855,0.0,0.0,23.5405,FW24,18
2025-01-05,new_balance,korea,14.54,15.5942,7.9436,3.709,1.8921,FW24,18
2025-01-12,nike,global,59.13,46.0622,-5.9787,-24.095,-5.9787,FW24,19
2025-01-12,nike,korea,44.51,48.2127,-6.6289,-1.1328,-23.0463,FW24,19
2025-01-12,adidas,global,38.5,29.9914,-2.3834,-8.8757,17.1637,FW24,19
2025-01-12,adidas,korea,24.7,26.7548,0.0,4.4839,-16.7229,FW24,19
2025-01-12,puma,global,12.0,9.348,0.0,0.0,18.2266,FW24,19
2025-01-12,puma,korea,5.86,6.3475,-7.425,9.7378,-30.2381,FW24,19
2025-01-12,new_balance,global,18.74,14.5984,-4.7764,0.0,17.6397,FW24,19
2025-01-12,new_balance,korea,17.25,18.685,18.6382,28.0624,26.0044,FW24,19
2025-01-19,nike,global,58.19,47.045,-1.5897,-20.5163,-6.0694,FW24,20
2025-01-19,nike,korea,45.04,46.4474,1.1907,-3.3476,-22.9031,FW24,20
2025-01-19,adidas,global,36.62,29.6063,-4.8831,-15.2119,0.0,FW24,20
2025-01-19,adidas,korea,29.95,30.8858,21.2551,23.9652,-0.8934,FW24,20
2025-01-19,puma,global,11.08,8.9579,-7.6667,-20.0,9.1626,FW24,20
2025-01-19,puma,korea,6.37,6.569,8.7031,18.1818,-33.2285,FW24,20
2025-01-19,new_balance,global,17.8,14.3908,-5.016,-17.4014,18.7458,FW24,20
2025-01-19,new_balance,korea,15.61,16.0978,-9.5072,3.6521,19.4338,FW24,20
2025-01-26,nike,global,60.07,46.119,3.2308,-7.2421,-13.5186,FW24,21
2025-01-26,nike,korea,54.46,46.6467,20.9147,22.3545,-7.6949,FW24,21
2025-01-26,adidas,global,39.44,30.2802,7.7007,-2.3037,10.5381,FW24,21
2025-01-26,adidas,korea,35.19,30.1413,17.4958,48.7949,4.4214,FW24,21
2025-01-26,puma,global,12.0,9.2131,8.3032,0.0,8.3032,FW24,21
2025-01-26,puma,korea,10.95,9.379,71.8995,105.0562,15.142,FW24,21
2025-01-26,new_balance,global,18.74,14.3877,5.2809,-4.7764,11.1507,FW24,21
2025-01-26,new_balance,korea,16.15,13.833,3.4593,19.8961,17.9693,FW24,21
2025-02-02,nike,global,61.01,46.5015,1.5648,-2.9893,-4.418,FW24,22
2025-02-02,nike,korea,52.96,46.7514,-2.7543,11.0971,-14.415,FW24,22
2025-02-02,adidas,global,40.37,30.7698,2.358,2.358,13.1446,FW24,22
2025-02-02,adidas,korea,32.62,28.7959,-7.3032,32.0648,-7.9311,FW24,22
2025-02-02,puma,global,11.08,8.4451,-7.6667,-7.6667,0.0,FW24,22
2025-02-02,puma,korea,8.47,7.477,-22.6484,33.8073,-15.7214,FW24,22
2025-02-02,new_balance,global,18.74,14.2835,0.0,-4.7764,5.2809,FW24,22
2025-02-02,new_balance,korea,19.23,16.9756,19.0712,32.2558,19.7385,FW24,22
2025-02-09,nike,global,59.13,47.4521,-3.0815,0.0,-7.3633,FW24,23
2025-02-09,nike,korea,66.53,53.3093,25.6231,49.472,-29.8577,FW24,23
2025-02-09,adidas,global,36.62,29.3877,-9.2891,-4.8831,5.4116,FW24,23
2025-02-09,adidas,korea,33.67,26.9792,3.2189,36.3158,-17.171,FW24,23
2025-02-09,puma,global,12.0,9.63,8.3032,0.0,8.3032,FW24,23
2025-02-09,puma,korea,7.44,5.9615,-12.1606,26.9625,-26.1905,FW24,23
2025-02-09,new_balance,global,16.86,13.5302,-10.032,-10.032,0.0,FW24,23
2025-02-09,new_balance,korea,17.16,13.75,-10.7644,-0.5217,-3.9194,FW24,23
2025-02-16,nike,global,57.26,45.9403,-3.1625,-1.5982,-14.0756,FW24,24
2025-02-16,nike,korea,57.64,47.9494,-13.3624,27.9751,-22.1397,FW24,24
2025-02-16,adidas,global,38.5,30.889,5.1338,5.1338,2.5027,FW24,24
2025-02-16,adidas,korea,35.25,29.3237,4.6926,17.6962,-5.1399,FW24,24
2025-02-16,puma,global,11.08,8.8896,-7.6667,0.0,0.0,FW24,24
2025-02-16,puma,korea,7.4,6.1559,-0.5376,16.1695,-26.3682,FW24,24
2025-02-16,new_balance,global,17.8,14.2811,5.5753,0.0,0.0,FW24,24
2025-02-16,new_balance,korea,19.92,16.571,16.0839,27.6105,19.5678,FW24,24
2025-02-23,nike,global,61.01,47.1739,6.5491,1.5648,-7.1385,FW24,25
2025-02-23,nike,korea,52.4,46.9114,-9.0909,-3.7826,-23.2234,FW24,25
2025-02-23,adidas,global,38.5,29.7688,0.0,-2.3834,-6.8022,FW24,25
2025-02-23,adidas,korea,34.17,30.5909,-3.0638,-2.8986,-10.8996,FW24,25
2025-02-23,puma,global,11.08,8.5672,0.0,-7.6667,0.0,FW24,25
2025-02-23,puma,korea,7.91,7.0815,6.8919,-27.7626,-16.8244,FW24,25
2025-02-23,new_balance,global,18.74,14.4901,5.2809,0.0,5.2809,FW24,25
2025-02-23,new_balance,korea,17.22,15.4163,-13.5542,6.6254,3.3613,FW24,25
2025-03-02,nike,global,61.95,44.6712,1.5407,1.5407,-8.3309,FW24,26
2025-03-02,nike,korea,51.32,47.317,-2.0611,-3.0967,-20.0623,FW24,26
2025-03-02,adidas,global,44.13,31.8215,14.6234,9.3138,-2.0856,FW24,26
2025-03-02,adidas,korea,31.53,29.0706,-7.7261,-3.3415,-16.521,FW24,26
2025-03-02,puma,global,12.92,9.3164,16.6065,16.6065,7.6667,FW24,26
2025-03-02,puma,korea,7.36,6.7859,-6.9532,-13.1051,-12.381,FW24,26
2025-03-02,new_balance,global,19.68,14.1909,5.016,5.016,-4.5124,FW24,26
2025-03-02,new_balance,korea,18.25,16.8265,5.9814,-5.0962,17.9703,FW24,26
2025-03-09,nike,global,62.89,43.3007,1.5174,6.3589,0.0,SS25,1
2025-03-09,nike,korea,50.25,43.9479,-2.085,-24.4702,-21.729,SS25,1
2025-03-09,adidas,global,46.95,32.3258,6.3902,28.2086,8.7057,SS25,1
2025-03-09,adidas,korea,35.71,31.2314,13.2572,6.0588,0.8472,SS25,1
2025-03-09,puma,global,13.85,9.5359,7.1981,15.4167,25.0,SS25,1
2025-03-09,puma,korea,7.3,6.3845,-0.8152,-1.8817,-13.0952,SS25,1
2025-03-09,new_balance,global,21.55,14.8375,9.502,27.8173,14.9947,SS25,1
2025-03-09,new_balance,korea,21.08,18.4362,15.5068,22.8438,31.0131,SS25,1
2025-03-16,nike,global,67.58,44.7935,7.4575,18.0231,1.4106,SS25,2
2025-03-16,nike,korea,54.47,45.9507,8.398,-5.4997,-18.8106,SS25,2
2025-03-16,adidas,global,46.95,31.1195,0.0,21.9481,6.3902,SS25,2
2025-03-16,adidas,korea,35.72,30.1333,0.028,1.3333,-8.1512,SS25,2
2025-03-16,puma,global,13.85,9.1801,0.0,25.0,15.4167,SS25,2
2025-03-16,puma,korea,7.36,6.2089,0.8219,-0.5405,-39.8201,SS25,2
2025-03-16,new_balance,global,22.49,14.9069,4.3619,26.3483,14.2785,SS25,2
2025-03-16,new_balance,korea,20.99,17.7071,-0.4269,5.3715,30.4537,SS25,2
2025-03-23,nike,global,69.46,44.923,2.7819,13.8502,-1.3352,SS25,3
2025-03-23,nike,korea,59.24,43.1873,8.7571,13.0534,-13.2015,SS25,3
2025-03-23,adidas,global,48.82,31.5742,3.983,26.8052,-1.8891,SS25,3
2025-03-23,adidas,korea,40.53,29.5473,13.4658,18.6128,-0.2707,SS25,3
2025-03-23,puma,global,13.85,8.9574,0.0,25.0,7.1981,SS25,3
2025-03-23,puma,korea,9.41,6.8601,27.8533,18.9633,-15.3777,SS25,3
2025-03-23,new_balance,global,22.49,14.5453,0.0,20.0107,4.3619,SS25,3
2025-03-23,new_balance,korea,27.99,20.4053,33.3492,62.5436,68.0072,SS25,3
2025-03-30,nike,global,66.64,44.4474,-4.0599,7.5706,-4.0599,SS25,4
2025-03-30,nike,korea,60.29,44.9054,1.7725,17.4786,-7.7429,SS25,4
2025-03-30,adidas,global,46.95,31.3146,-3.8304,6.3902,0.0,SS25,4
2025-03-30,adidas,korea,42.63,31.7518,5.1813,35.2046,6.4154,SS25,4
2025-03-30,puma,global,13.85,9.2376,0.0,7.1981,7.1981,SS25,4
2025-03-30,puma,korea,10.44,7.776,10.9458,41.8478,4.1916,SS25,4
2025-03-30,new_balance,global,22.49,15.0003,0.0,14.2785,9.1218,SS25,4
2025-03-30,new_balance,korea,20.9,15.5668,-25.3305,14.5205,30.137,SS25,4
2025-04-06,nike,global,64.76,44.0185,-2.8211,2.9734,-6.7665,SS25,5
2025-04-06,nike,korea,60.82,43.8248,0.8791,21.0348,-14.5066,SS25,5
2025-04-06,adidas,global,47.89,32.5517,2.0021,2.0021,2.0021,SS25,5
2025-04-06,adidas,korea,39.48,28.4479,-7.3892,10.5573,1.5171,SS25,5
2025-04-06,puma,global,12.92,8.7819,-6.7148,-6.7148,7.6667,SS25,5
2025-04-06,puma,korea,11.88,8.5603,13.7931,62.7397,41.4286,SS25,5
2025-04-06,new_balance,global,21.55,14.6479,-4.1796,0.0,9.502,SS25,5
2025-04-06,new_balance,korea,26.6,19.167,27.2727,26.186,49.1868,SS25,5
2025-04-13,nike,global,65.7,44.9446,1.4515,-2.7819,-1.4106,SS25,6
2025-04-13,nike,korea,63.45,47.1047,4.3242,16.4861,-10.0765,SS25,6
2025-04-13,adidas,global,45.07,30.8319,-5.8885,-4.0043,0.0,SS25,6
2025-04-13,adidas,korea,41.04,30.4677,3.9514,14.8936,7.1261,SS25,6
2025-04-13,puma,global,12.92,8.8384,0.0,-6.7148,0.0,SS25,6
2025-04-13,puma,korea,9.92,7.3645,-16.4983,34.7826,3.9832,SS25,6
2025-04-13,new_balance,global,22.49,15.3851,4.3619,0.0,14.2785,SS25,6
2025-04-13,new_balance,korea,20.29,15.0631,-23.7218,-3.3349,10.0922,SS25,6
2025-04-20,nike,global,62.89,44.155,-4.277,-9.4587,-5.6273,SS25,7
2025-04-20,nike,korea,72.38,47.6655,14.0741,22.181,9.7665,SS25,7
2025-04-20,adidas,global,45.07,31.6436,0.0,-7.6813,-2.043,SS25,7
2025-04-20,adidas,korea,41.07,27.0464,0.0731,1.3323,7.1484,SS25,7
2025-04-20,puma,global,12.92,9.0711,0.0,-6.7148,7.6667,SS25,7
2025-04-20,puma,korea,10.44,6.8752,5.2419,10.9458,16.388,SS25,7
2025-04-20,new_balance,global,21.55,15.1302,-4.1796,-4.1796,9.502,SS25,7
2025-04-20,new_balance,korea,27.96,18.4129,37.8019,-0.1072,74.2056,SS25,7
2025-04-27,nike,global,63.83,44.5212,1.4947,-4.2167,-5.549,SS25,8
2025-04-27,nike,korea,66.08,46.3622,-8.7041,9.6036,-24.333,SS25,8
2025-04-27,adidas,global,46.01,32.0918,2.0856,-2.0021,2.0856,SS25,8
2025-04-27,adidas,korea,41.6,29.1868,1.2905,-2.4161,-1.8173,SS25,8
2025-04-27,puma,global,12.92,9.0116,0.0,-6.7148,7.6667,SS25,8
2025-04-27,puma,korea,11.88,8.3351,13.7931,13.7931,41.4286,SS25,8
2025-04-27,new_balance,global,20.61,14.3754,-4.3619,-8.3593,4.7256,SS25,8
2025-04-27,new_balance,korea,22.97,16.1159,-17.8469,9.9043,24.4986,SS25,8
2025-05-04,nike,global,61.95,44.3736,-2.9453,-4.3391,-4.3391,SS25,9
2025-05-04,nike,korea,64.49,44.7474,-2.4062,6.0342,-5.5092,SS25,9
2025-05-04,adidas,global,43.19,30.9362,-6.1291,-9.8142,-4.1713,SS25,9
2025-05-04,adidas,korea,44.73,31.0366,7.524,13.2979,16.6971,SS25,9
2025-05-04,puma,global,12.92,9.2544,0.0,0.0,7.6667,SS25,9
2025-05-04,puma,korea,9.92,6.8832,-16.4983,-16.4983,18.0952,SS25,9
2025-05-04,new_balance,global,21.55,15.4359,4.5609,0.0,14.9947,SS25,9
2025-05-04,new_balance,korea,24.98,17.3328,8.7505,-6.0902,49.94,SS25,9
2025-05-11,nike,global,60.07,43.3124,-3.0347,-8.5693,-5.8906,SS25,10
2025-05-11,nike,korea,62.43,44.9072,-3.1943,-1.6076,-4.4829,SS25,10
2025-05-11,adidas,global,45.07,32.4969,4.3529,0.0,0.0,SS25,10
2025-05-11,adidas,korea,41.59,29.9166,-7.0199,1.3402,13.696,SS25,10
2025-05-11,puma,global,12.0,8.6524,-7.1207,-7.1207,0.0,SS25,10
2025-05-11,puma,korea,9.5,6.8335,-4.2339,-4.2339,13.0952,SS25,10
2025-05-11,new_balance,global,21.55,15.5383,0.0,-4.1796,21.0674,SS25,10
2025-05-11,new_balance,korea,25.5,18.3427,2.0817,25.6777,53.0612,SS25,10
2025-05-18,nike,global,58.19,44.0433,-3.1297,-7.4734,-7.4734,SS25,11
2025-05-18,nike,korea,82.28,54.1209,31.7956,13.6778,30.5203,SS25,11
2025-05-18,adidas,global,42.25,31.9785,-6.2569,-6.2569,2.2755,SS25,11
2025-05-18,adidas,korea,41.07,27.0144,-1.2503,0.0,12.2745,SS25,11
2025-05-18,puma,global,12.0,9.0827,0.0,-7.1207,0.0,SS25,11
2025-05-18,puma,korea,9.45,6.2159,-0.5263,-9.4828,-0.6309,SS25,11
2025-05-18,new_balance,global,19.68,14.8955,-8.6775,-8.6775,16.726,SS25,11
2025-05-18,new_balance,korea,19.23,12.6488,-24.5882,-31.2232,19.7385,SS25,11
2025-05-25,nike,global,60.07,45.4662,3.2308,-5.8906,-7.2421,SS25,12
2025-05-25,nike,korea,69.72,50.343,-15.2649,5.5085,4.8106,SS25,12
2025-05-25,adidas,global,41.31,31.267,-2.2249,-10.2152,-8.3426,SS25,12
2025-05-25,adidas,korea,40.02,28.8974,-2.5566,-3.7981,9.404,SS25,12
2025-05-25,puma,global,12.0,9.0827,0.0,-7.1207,8.3032,SS25,12
2025-05-25,puma,korea,8.98,6.4842,-4.9735,-24.4108,7.4163,SS25,12
2025-05-25,new_balance,global,18.74,14.1841,-4.7764,-9.0733,11.1507,SS25,12
2025-05-25,new_balance,korea,19.77,14.2754,2.8081,-13.9312,18.7387,SS25,12
2025-06-01,nike,global,62.89,44.7456,4.6945,1.5174,0.0,SS25,13
2025-06-01,nike,korea,67.63,48.6127,-2.9977,4.869,4.3995,SS25,13
2025-06-01,adidas,global,44.13,31.3981,6.8264,2.1764,0.0,SS25,13
2025-06-01,adidas,korea,38.95,27.9974,-2.6737,-12.922,3.2061,SS25,13
2025-06-01,puma,global,13.85,9.8541,15.4167,7.1981,15.4167,SS25,13
2025-06-01,puma,korea,9.45,6.7927,5.2339,-4.7379,5.3512,SS25,13
2025-06-01,new_balance,global,19.68,14.0021,5.016,-8.6775,16.726,SS25,13
2025-06-01,new_balance,korea,23.09,16.5972,16.7931,-7.5661,25.1491,SS25,13
2025-06-08,nike,global,60.07,44.2146,-4.484,0.0,-3.0347,SS25,14
2025-06-08,nike,korea,63.96,44.8025,-5.4266,2.4507,2.3851,SS25,14
2025-06-08,adidas,global,43.19,31.7901,-2.1301,-4.1713,-6.1291,SS25,14
2025-06-08,adidas,korea,38.96,27.2906,0.0257,-6.3236,4.8439,SS25,14
2025-06-08,puma,global,12.92,9.5098,-6.7148,7.6667,16.6065,SS25,14
2025-06-08,puma,korea,10.48,7.341,10.8995,10.3158,10.1998,SS25,14
2025-06-08,new_balance,global,19.68,14.4855,0.0,-8.6775,16.726,SS25,14
2025-06-08,new_balance,korea,29.36,20.566,27.1546,15.1373,49.3388,SS25,14
2025-06-15,nike,global,58.19,44.6859,-3.1297,0.0,-1.5897,SS25,15
2025-06-15,nike,korea,65.02,47.8828,1.6573,-20.9772,9.1489,SS25,15
2025-06-15,adidas,global,41.31,31.7232,-4.3529,-2.2249,-8.3426,SS25,15
2025-06-15,adidas,korea,40.53,29.8476,4.0298,-1.3148,2.6856,SS25,15
2025-06-15,puma,global,12.92,9.9217,0.0,7.6667,16.6065,SS25,15
2025-06-15,puma,korea,10.44,7.6883,-0.3817,10.4762,24.8804,SS25,15
2025-06-15,new_balance,global,17.8,13.6692,-9.5528,-9.5528,11.7389,SS25,15
2025-06-15,new_balance,korea,19.8,14.5813,-32.5613,2.9641,27.9897,SS25,15
2025-06-22,nike,global,57.26,45.2648,-1.5982,-4.6779,-4.6779,SS25,16
2025-06-22,nike,korea,65.02,48.4537,0.0,-6.7413,3.1245,SS25,16
2025-06-22,adidas,global,39.44,31.1779,-4.5267,-4.5267,-4.5267,SS25,16
2025-06-22,adidas,korea,42.62,31.7609,5.1567,6.4968,9.5912,SS25,16
2025-06-22,puma,global,12.0,9.4862,-7.1207,0.0,0.0,SS25,16
2025-06-22,puma,korea,9.45,7.0423,-9.4828,5.2339,-0.6309,SS25,16
2025-06-22,new_balance,global,17.8,14.0711,0.0,-5.016,18.7458,SS25,16
2025-06-22,new_balance,korea,17.1,12.7431,-13.6364,-13.5053,10.5365,SS25,16
2025-06-29,nike,global,56.32,44.1968,-1.6416,-10.4468,-9.088,SS25,17
2025-06-29,nike,korea,55.54,45.1068,-14.5801,-17.8767,-18.6227,SS25,17
2025-06-29,adidas,global,41.31,32.4178,4.7414,-6.3902,-6.3902,SS25,17
2025-06-29,adidas,korea,42.02,34.1265,-1.4078,7.8819,13.0786,SS25,17
2025-06-29,puma,global,12.0,9.4169,0.0,-13.3574,8.3032,SS25,17
2025-06-29,puma,korea,7.87,6.3916,-16.7196,-16.7196,-21.9246,SS25,17
2025-06-29,new_balance,global,17.8,13.9685,0.0,-9.5528,5.5753,SS25,17
2025-06-29,new_balance,korea,17.7,14.3751,3.5088,-23.3434,6.2425,SS25,17
2025-07-06,nike,global,62.89,46.2903,11.6655,4.6945,-1.4727,SS25,18
2025-07-06,nike,korea,54.43,47.6036,-1.9986,-14.8999,-17.4427,SS25,18
2025-07-06,adidas,global,42.25,31.0982,2.2755,-2.1764,-2.1764,SS25,18
2025-07-06,adidas,korea,35.7,31.2227,-15.0405,-8.3676,-2.4057,SS25,18
2025-07-06,puma,global,12.92,9.5098,7.6667,0.0,7.6667,SS25,18
2025-07-06,puma,korea,5.81,5.0813,-26.1753,-44.5611,-30.8333,SS25,18
2025-07-06,new_balance,global,17.8,13.1017,0.0,-9.5528,0.0,SS25,18
2025-07-06,new_balance,korea,18.4,16.0924,3.9548,-37.3297,23.5729,SS25,18
2025-07-13,nike,global,60.07,44.8284,-4.484,3.2308,-5.8906,SS25,19
2025-07-13,nike,korea,57.56,51.3195,5.7505,-11.4734,-8.7074,SS25,19
2025-07-13,adidas,global,42.25,31.5299,0.0,2.2755,-6.2569,SS25,19
2025-07-13,adidas,korea,32.02,28.5485,-10.3081,-20.9968,-11.0803,SS25,19
2025-07-13,puma,global,12.0,8.9552,-7.1207,-7.1207,0.0,SS25,19
2025-07-13,puma,korea,6.37,5.6794,9.6386,-38.9847,-24.4365,SS25,19
2025-07-13,new_balance,global,19.68,14.6866,10.5618,10.5618,10.5618,SS25,19
2025-07-13,new_balance,korea,16.21,14.4526,-11.9022,-18.1313,9.0114,SS25,19
2025-07-20,nike,global,61.95,44.6744,3.1297,8.1907,-8.3309,SS25,20
2025-07-20,nike,korea,54.42,50.9264,-5.4552,-16.3027,-7.7627,SS25,20
2025-07-20,adidas,global,43.19,31.1459,2.2249,9.5081,-2.1301,SS25,20
2025-07-20,adidas,korea,32.03,29.9738,0.0312,-24.8475,-1.4765,SS25,20
2025-07-20,puma,global,12.92,9.3171,7.6667,7.6667,7.6667,SS25,20
2025-07-20,puma,korea,5.81,5.437,-8.7912,-38.5185,-26.0814,SS25,20
2025-07-20,new_balance,global,20.61,14.8626,4.7256,15.7865,15.7865,SS25,20
2025-07-20,new_balance,korea,14.6,13.6627,-9.9321,-14.6199,-1.9476,SS25,20
2025-07-27,nike,global,69.46,46.0366,12.1227,23.331,4.2317,SS25,21
2025-07-27,nike,korea,53.91,48.2891,-0.9372,-2.9348,-10.3741,SS25,21
2025-07-27,adidas,global,46.95,31.1174,8.7057,13.6529,13.6529,SS25,21
2025-07-27,adidas,korea,35.7,31.9778,11.458,-15.0405,2.4684,SS25,21
2025-07-27,puma,global,12.92,8.5631,0.0,7.6667,7.6667,SS25,21
2025-07-27,puma,korea,6.33,5.67,8.9501,-19.568,-29.1946,SS25,21
2025-07-27,new_balance,global,21.55,14.2829,4.5609,21.0674,21.0674,SS25,21
2025-07-27,new_balance,korea,15.7,14.0631,7.5342,-11.2994,1.4867,SS25,21
2025-08-03,nike,global,69.46,44.3862,0.0,10.4468,-1.3352,SS25,22
2025-08-03,nike,korea,51.3,46.5771,-4.8414,-5.7505,-13.8828,SS25,22
2025-08-03,adidas,global,49.76,31.7976,5.9851,17.7751,1.9254,SS25,22
2025-08-03,adidas,korea,34.12,30.9788,-4.4258,-4.4258,-10.9603,SS25,22
2025-08-03,puma,global,13.85,8.8504,7.1981,7.1981,7.1981,SS25,22
2025-08-03,puma,korea,9.61,8.7253,51.8167,65.4045,22.89,SS25,22
2025-08-03,new_balance,global,23.42,14.9658,8.6775,31.573,24.9733,SS25,22
2025-08-03,new_balance,korea,15.11,13.7189,-3.758,-17.8804,1.4775,SS25,22
2025-08-10,nike,global,63.83,43.1109,-8.1054,6.2594,-5.549,SS25,23
2025-08-10,nike,korea,51.8,46.6709,0.9747,-10.0069,-14.7044,SS25,23
2025-08-10,adidas,global,47.89,32.345,-3.758,13.3491,-1.905,SS25,23
2025-08-10,adidas,korea,36.75,33.1111,7.7081,14.772,-6.9149,SS25,23
2025-08-10,puma,global,13.85,9.3543,0.0,15.4167,7.1981,SS25,23
2025-08-10,puma,korea,6.74,6.0726,-29.8647,5.8085,-24.8606,SS25,23
2025-08-10,new_balance,global,22.49,15.1898,-3.971,14.2785,9.1218,SS25,23
2025-08-10,new_balance,korea,15.7,14.1454,3.9047,-3.1462,5.4399,SS25,23
2025-08-17,nike,global,68.52,44.8576,7.3476,10.6053,-5.1889,SS25,24
2025-08-17,nike,korea,50.24,47.0412,-3.0116,-7.681,-28.8083,SS25,24
2025-08-17,adidas,global,47.89,31.3519,0.0,10.8821,4.0861,SS25,24
2025-08-17,adidas,korea,33.6,31.4607,-8.5714,4.9017,-18.4466,SS25,24
2025-08-17,puma,global,13.85,9.0671,0.0,7.1981,15.4167,SS25,24
2025-08-17,puma,korea,7.26,6.7978,7.7151,24.957,-19.0635,SS25,24
2025-08-17,new_balance,global,22.49,14.7234,0.0,9.1218,14.2785,SS25,24
2025-08-17,new_balance,korea,15.7,14.7004,0.0,7.5342,-2.3024,SS25,24
2025-08-24,nike,global,71.33,44.7828,4.101,2.6922,4.101,SS25,25
2025-08-24,nike,korea,49.18,47.7059,-2.1099,-8.7739,-21.2742,SS25,25
2025-08-24,adidas,global,49.76,31.2406,3.9048,5.9851,1.9254,SS25,25
2025-08-24,adidas,korea,32.55,31.5744,-3.125,-8.8235,-28.9612,SS25,25
2025-08-24,puma,global,14.77,9.273,6.6426,14.3189,14.3189,SS25,25
2025-08-24,puma,korea,7.3,7.0812,0.551,15.3239,-18.3445,SS25,25
2025-08-24,new_balance,global,23.42,14.7037,4.1352,8.6775,19.0041,SS25,25
2025-08-24,new_balance,korea,14.06,13.6386,-10.4459,-10.4459,-12.4533,SS25,25
2025-08-31,nike,global,66.64,42.3326,-6.5751,-4.0599,-1.3909,SS25,26
2025-08-31,nike,korea,51.8,46.2335,5.3274,0.9747,-16.3031,SS25,26
2025-08-31,adidas,global,53.52,33.9982,7.5563,7.5563,13.9936,SS25,26
2025-08-31,adidas,korea,36.22,32.3277,11.275,6.1547,-9.563,SS25,26
2025-08-31,puma,global,14.77,9.3825,0.0,6.6426,14.3189,SS25,26
2025-08-31,puma,korea,7.77,6.935,6.4384,-19.1467,-30.625,SS25,26
2025-08-31,new_balance,global,22.49,14.2866,-3.971,-3.971,14.2785,SS25,26
2025-08-31,new_balance,korea,16.25,14.5037,15.5761,7.5447,1.1201,SS25,26
2025-09-07,nike,global,63.83,43.6653,-4.2167,0.0,0.0,FW25,1
2025-09-07,nike,korea,50.75,45.0911,-2.027,-2.027,-13.9685,FW25,1
2025-09-07,adidas,global,47.89,32.761,-10.5194,0.0,6.2569,FW25,1
2025-09-07,adidas,korea,37.27,33.1142,2.899,1.415,-2.6385,FW25,1
2025-09-07,puma,global,13.85,9.4746,-6.2288,0.0,15.4167,FW25,1
2025-09-07,puma,korea,7.77,6.9036,0.0,15.2819,-0.6394,FW25,1
2025-09-07,new_balance,global,20.61,14.0991,-8.3593,-8.3593,9.9787,FW25,1
2025-09-07,new_balance,korea,16.76,14.8912,3.1385,6.7516,4.1641,FW25,1
2025-09-14,nike,global,58.19,42.8309,-8.836,-15.0759,-7.4734,FW25,2
2025-09-14,nike,korea,50.75,44.7097,0.0,1.0151,-23.7072,FW25,2
2025-09-14,adidas,global,45.07,33.1739,-5.8885,-5.8885,4.3529,FW25,2
2025-09-14,adidas,korea,38.31,33.7503,2.7904,14.0179,-17.4709,FW25,2
2025-09-14,puma,global,12.92,9.5098,-6.7148,-6.7148,16.6065,FW25,2
2025-09-14,puma,korea,8.24,7.2593,6.0489,13.4986,-29.5124,FW25,2
2025-09-14,new_balance,global,19.68,14.4855,-4.5124,-12.4944,5.016,FW25,2
2025-09-14,new_balance,korea,16.21,14.2807,-3.2816,3.2484,-14.9528,FW25,2
2025-09-21,nike,global,60.07,43.3187,3.2308,-15.7858,-4.484,FW25,3
2025-09-21,nike,korea,51.28,42.5172,1.0443,4.27,-17.8995,FW25,3
2025-09-21,adidas,global,45.07,32.5016,0.0,-9.4252,9.1019,FW25,3
2025-09-21,adidas,korea,42.5,35.2375,10.9371,30.5684,1.7233,FW25,3
2025-09-21,puma,global,12.92,9.3171,0.0,-12.5254,7.6667,FW25,3
2025-09-21,puma,korea,7.3,6.0526,-11.4078,0.0,-27.5794,FW25,3
2025-09-21,new_balance,global,20.61,14.8626,4.7256,-11.9983,15.7865,FW25,3
2025-09-21,new_balance,korea,19.53,16.1927,20.4812,38.9047,9.3505,FW25,3
2025-09-28,nike,global,62.89,43.8655,4.6945,-5.6273,3.0815,FW25,4
2025-09-28,nike,korea,57.56,46.6375,12.2465,11.1197,-11.9204,FW25,4
2025-09-28,adidas,global,46.95,32.7474,4.1713,-12.2758,4.1713,FW25,4
2025-09-28,adidas,korea,37.77,30.6028,-11.1294,4.2794,-19.6212,FW25,4
2025-09-28,puma,global,12.92,9.0116,0.0,-12.5254,0.0,FW25,4
2025-09-28,puma,korea,9.65,7.8188,32.1918,24.1956,-9.1337,FW25,4
2025-09-28,new_balance,global,20.61,14.3754,0.0,-8.3593,15.7865,FW25,4
2025-09-28,new_balance,korea,18.44,14.9409,-5.5812,13.4769,-0.1624,FW25,4
2025-10-05,nike,global,61.01,43.7034,-2.9893,-4.418,-1.5174,FW25,5
2025-10-05,nike,korea,59.65,44.8867,3.631,17.5369,-2.7076,FW25,5
2025-10-05,adidas,global,44.13,31.6117,-6.0064,-7.8513,2.1764,FW25,5
2025-10-05,adidas,korea,45.13,33.9604,19.4864,21.0893,6.5392,FW25,5
2025-10-05,puma,global,13.85,9.9212,7.1981,0.0,15.4167,FW25,5
2025-10-05,puma,korea,8.67,6.5242,-10.1554,11.583,-22.5893,FW25,5
2025-10-05,new_balance,global,20.61,14.7636,0.0,0.0,15.7865,FW25,5
2025-10-05,new_balance,korea,19.44,14.6286,5.423,15.9905,8.8466,FW25,5
2025-10-12,nike,global,61.95,44.6712,1.5407,6.4616,0.0,FW25,6
2025-10-12,nike,korea,51.8,45.8285,-13.1601,2.069,-8.6097,FW25,6
2025-10-12,adidas,global,44.13,31.8215,0.0,-2.0856,6.8264,FW25,6
2025-10-12,adidas,korea,36.2,32.0269,-19.7873,-5.5077,-5.5077,FW25,6
2025-10-12,puma,global,12.92,9.3164,-6.7148,0.0,7.6667,FW25,6
2025-10-12,puma,korea,8.24,7.2901,-4.9596,0.0,-18.254,FW25,6
2025-10-12,new_balance,global,19.68,14.1909,-4.5124,0.0,10.5618,FW25,6
2025-10-12,new_balance,korea,16.79,14.8545,-13.6317,3.578,-2.7794,FW25,6
2025-10-19,nike,global,57.26,43.9616,-7.5706,-4.6779,-4.6779,FW25,7
2025-10-19,nike,korea,54.41,44.529,5.0386,6.1037,-2.0169,FW25,7
2025-10-19,adidas,global,41.31,31.7159,-6.3902,-8.3426,0.0,FW25,7
2025-10-19,adidas,korea,39.37,32.2203,8.7569,-7.3647,9.4219,FW25,7
2025-10-19,puma,global,12.0,9.2131,-7.1207,-7.1207,8.3032,FW25,7
2025-10-19,puma,korea,10.59,8.6668,28.5194,45.0685,5.0595,FW25,7
2025-10-19,new_balance,global,19.68,15.1094,0.0,-4.5124,16.726,FW25,7
2025-10-19,new_balance,korea,17.82,14.5838,6.1346,-8.7558,3.2445,FW25,7
2025-10-26,nike,global,54.44,42.7215,-4.9249,-13.4362,-9.3724,FW25,8
2025-10-26,nike,korea,58.14,45.4219,6.8554,1.0076,-13.3532,FW25,8
2025-10-26,adidas,global,42.25,33.1555,2.2755,-10.0106,2.2755,FW25,8
2025-10-26,adidas,korea,36.29,28.3516,-7.8232,-3.9185,0.7776,FW25,8
2025-10-26,puma,global,12.0,9.4169,0.0,-7.1207,8.3032,FW25,8
2025-10-26,puma,korea,8.8,6.875,-16.9027,-8.8083,-7.7568,FW25,8
2025-10-26,new_balance,global,18.74,14.7061,-4.7764,-9.0733,11.1507,FW25,8
2025-10-26,new_balance,korea,24.77,19.3516,39.0011,34.3275,54.2341,FW25,8
2025-11-02,nike,global,63.63,43.9252,16.881,4.2944,2.7119,FW25,9
2025-11-02,nike,korea,69.87,44.8258,20.1754,17.1333,13.9618,FW25,9
2025-11-02,adidas,global,47.89,33.0595,13.3491,8.5203,13.3491,FW25,9
2025-11-02,adidas,korea,49.63,31.8406,36.7594,9.9712,33.5217,FW25,9
2025-11-02,puma,global,12.92,8.919,7.6667,-6.7148,7.6667,FW25,9
2025-11-02,puma,korea,11.04,7.0828,25.4545,27.3356,9.5238,FW25,9
2025-11-02,new_balance,global,20.42,14.0964,8.9648,-0.9219,21.1151,FW25,9
2025-11-02,new_balance,korea,25.33,16.2507,2.2608,30.2984,37.1413,FW25,9
2025-11-09,nike,global,68.3,45.6795,7.3393,10.2502,1.0654,FW25,10
2025-11-09,nike,korea,90.82,52.5062,29.9843,75.3282,67.0406,FW25,10
2025-11-09,adidas,global,46.95,31.4005,-1.9628,6.3902,6.3902,FW25,10
2025-11-09,adidas,korea,48.28,27.9124,-2.7201,33.3702,48.5082,FW25,10
2025-11-09,puma,global,13.85,9.263,7.1981,7.1981,7.1981,FW25,10
2025-11-09,puma,korea,9.15,5.2899,-17.1196,11.0437,-4.0881,FW25,10
2025-11-09,new_balance,global,20.42,13.657,0.0,3.7602,8.9648,FW25,10
2025-11-09,new_balance,korea,24.72,14.2915,-2.4082,47.2305,18.5043,FW25,10
2025-11-16,nike,global,78.6,47.2441,15.0805,37.2686,0.8986,FW25,11
2025-11-16,nike,korea,77.39,46.203,-14.7875,42.2349,2.138,FW25,11
2025-11-16,adidas,global,51.64,31.0392,9.9894,25.0061,12.2365,FW25,11
2025-11-16,adidas,korea,48.31,28.8418,0.0621,22.7076,36.5461,FW25,11
2025-11-16,puma,global,13.85,8.3248,0.0,15.4167,7.1981,FW25,11
2025-11-16,puma,korea,11.73,7.003,28.1967,10.7649,10.0375,FW25,11
2025-11-16,new_balance,global,22.28,13.3918,9.1087,13.2114,13.2114,FW25,11
2025-11-16,new_balance,korea,30.07,17.9522,21.6424,68.743,62.8045,FW25,11
2025-11-23,nike,global,93.57,47.6741,19.0458,71.8773,-0.309,FW25,12
2025-11-23,nike,korea,76.1,47.1499,-1.6669,30.891,29.0049,FW25,12
2025-11-23,adidas,global,60.09,30.616,16.3633,42.2249,6.656,FW25,12
2025-11-23,adidas,korea,44.26,27.4226,-8.3834,21.962,31.6478,FW25,12
2025-11-23,puma,global,15.69,7.9941,13.2852,30.75,0.0,FW25,12
2025-11-23,puma,korea,11.83,7.3296,0.8525,34.4318,52.6452,FW25,12
2025-11-23,new_balance,global,26.92,13.7158,20.8259,43.6499,2.6306,FW25,12
2025-11-23,new_balance,korea,29.21,18.0979,-2.86,17.9249,53.1725,FW25,12
2025-11-30,nike,global,77.66,46.9557,-17.0033,22.0493,-2.6573,FW25,13
2025-11-30,nike,korea,67.91,45.5436,-10.7622,-2.8052,42.4885,FW25,13
2025-11-30,adidas,global,49.76,30.0865,-17.1909,3.9048,1.9254,FW25,13
2025-11-30,adidas,korea,42.2,28.3013,-4.6543,-14.9708,43.4886,FW25,13
2025-11-30,puma,global,14.77,8.9304,-5.8636,14.3189,6.6426,FW25,13
2025-11-30,puma,korea,12.52,8.3965,5.8326,13.4058,83.0409,FW25,13
2025-11-30,new_balance,global,23.2,14.0275,-13.8187,13.6141,7.6566,FW25,13
2025-11-30,new_balance,korea,26.48,17.7587,-9.3461,4.5401,89.2781,FW25,13
2025-12-07,nike,global,72.05,48.1843,-7.2238,5.4905,-5.2348,FW25,14
2025-12-07,nike,korea,64.51,46.8618,-5.0066,-28.9694,43.26,FW25,14
2025-12-07,adidas,global,45.07,30.1411,-9.4252,-4.0043,2.1301,FW25,14
2025-12-07,adidas,korea,39.46,28.6648,-6.4929,-18.2684,66.9205,FW25,14
2025-12-07,puma,global,12.92,8.6404,-12.5254,-6.7148,-6.7148,FW25,14
2025-12-07,puma,korea,10.53,7.6493,-15.8946,15.082,81.2392,FW25,14
2025-12-07,new_balance,global,19.49,13.0342,-15.9914,-4.5544,-0.9654,FW25,14
2025-12-07,new_balance,korea,23.16,16.8241,-12.5378,-6.3107,65.1926,FW25,14
2025-12-14,nike,global,72.05,47.0116,0.0,-8.3333,-7.5096,FW25,15
2025-12-14,nike,korea,63.14,47.5166,-2.1237,-18.4132,40.2488,FW25,15
2025-12-14,adidas,global,46.01,30.0209,2.0856,-10.9024,8.8994,FW25,15
2025-12-14,adidas,korea,34.7,26.1138,-12.0628,-28.1722,46.7851,FW25,15
2025-12-14,puma,global,13.85,9.0369,7.1981,0.0,15.4167,FW25,15
2025-12-14,puma,korea,10.53,7.9244,0.0,-10.2302,97.191,FW25,15
2025-12-14,new_balance,global,21.35,13.9306,9.5434,-4.1741,13.9274,FW25,15
2025-12-14,new_balance,korea,24.51,18.4452,5.829,-18.4902,81.9599,FW25,15
2025-12-21,nike,global,72.05,47.0116,0.0,-22.9988,-1.5845,FW25,16
2025-12-21,nike,korea,59.04,46.3313,-6.4935,-22.4179,26.6953,FW25,16
2025-12-21,adidas,global,46.01,30.0209,0.0,-23.4315,6.5293,FW25,16
2025-12-21,adidas,korea,37.39,29.3416,7.7522,-15.5219,54.7599,FW25,16
2025-12-21,puma,global,13.85,9.0369,0.0,-11.7272,0.0,FW25,16
2025-12-21,puma,korea,9.15,7.1804,-13.1054,-22.6543,69.7588,FW25,16
2025-12-21,new_balance,global,21.35,13.9306,0.0,-20.6909,-0.9281,FW25,16
2025-12-21,new_balance,korea,21.85,17.1467,-10.8527,-25.1969,45.0863,FW25,16
2025-12-28,nike,global,60.82,45.5171,-15.5864,-21.6843,-6.084,FW25,17
2025-12-28,nike,korea,58.32,49.1654,-1.2195,-14.1216,31.0267,FW25,17
2025-12-28,adidas,global,41.31,30.916,-10.2152,-16.9815,2.3285,FW25,17
2025-12-28,adidas,korea,31.96,26.9432,-14.5226,-24.2654,35.1374,FW25,17
2025-12-28,puma,global,12.0,8.9807,-13.3574,-18.7542,0.0,FW25,17
2025-12-28,puma,korea,7.15,6.0277,-21.8579,-42.8914,33.8951,FW25,17
2025-12-28,new_balance,global,19.49,14.5861,-8.7119,-15.9914,-0.9654,FW25,17
2025-12-28,new_balance,korea,21.19,17.8638,-3.0206,-19.9773,57.3125,FW25,17
2026-01-04,nike,global,63.63,46.3168,4.6202,-11.6863,1.1767,FW25,18
2026-01-04,nike,korea,61.72,51.152,5.8299,-4.3249,29.4735,FW25,18
2026-01-04,adidas,global,43.19,31.4383,4.551,-4.1713,9.5081,FW25,18
2026-01-04,adidas,korea,31.96,26.4877,0.0,-19.0066,29.3927,FW25,18
2026-01-04,puma,global,12.0,8.7349,0.0,-7.1207,0.0,FW25,18
2026-01-04,puma,korea,7.15,5.9257,0.0,-32.0988,12.9542,FW25,18
2026-01-04,new_balance,global,18.56,13.51,-4.7717,-4.7717,-5.6911,FW25,18
2026-01-04,new_balance,korea,19.83,16.4346,-6.4181,-14.3782,36.3824,FW25,18
2026-01-11,nike,global,64.56,47.975,1.4616,-10.3956,9.1832,FW25,19
2026-01-11,nike,korea,59.04,48.8863,-4.3422,-6.4935,32.6443,FW25,19
2026-01-11,adidas,global,40.37,29.9993,-6.5293,-12.2582,4.8571,FW25,19
2026-01-11,adidas,korea,32.65,27.0349,2.1589,-5.9078,32.1862,FW25,19
2026-01-11,puma,global,12.0,8.9173,0.0,-13.3574,0.0,FW25,19
2026-01-11,puma,korea,8.54,7.0713,19.4406,-18.8984,45.7338,FW25,19
2026-01-11,new_balance,global,17.64,13.1084,-4.9569,-17.377,-5.8698,FW25,19
2026-01-11,new_balance,korea,20.54,17.0075,3.5804,-16.1975,19.0725,FW25,19
2026-01-18,nike,global,57.08,45.5765,-11.5861,-20.7772,-1.9075,FW25,20
2026-01-18,nike,korea,63.75,47.9828,7.9776,7.9776,41.5409,FW25,20
2026-01-18,adidas,global,39.44,31.4915,-2.3037,-14.2795,7.7007,FW25,20
2026-01-18,adidas,korea,38.09,28.6693,16.6616,1.8722,27.1786,FW25,20
2026-01-18,puma,global,11.08,8.847,-7.6667,-20.0,0.0,FW25,20
2026-01-18,puma,korea,9.23,6.9472,8.0796,0.8743,44.898,FW25,20
2026-01-18,new_balance,global,17.64,14.085,0.0,-17.377,-0.8989,FW25,20
2026-01-18,new_balance,korea,21.79,16.4007,6.0857,-0.2746,39.59,FW25,20
2026-01-25,nike,global,57.08,44.5833,0.0,-6.1493,-4.9775,FW25,21
2026-01-25,nike,korea,65.82,47.1186,3.2471,12.8601,20.8593,FW25,21
2026-01-25,adidas,global,41.31,32.2659,4.7414,0.0,4.7414,FW25,21
2026-01-25,adidas,korea,40.8,29.2075,7.1147,27.6596,15.942,FW25,21
2026-01-25,puma,global,12.0,9.3728,8.3032,0.0,0.0,FW25,21
2026-01-25,puma,korea,10.62,7.6025,15.0596,48.5315,-3.0137,FW25,21
2026-01-25,new_balance,global,17.64,13.778,0.0,-9.492,-5.8698,FW25,21
2026-01-25,new_balance,korea,22.45,16.0713,3.0289,5.9462,39.0093,FW25,21
2026-02-01,nike,global,56.14,44.5026,-1.6468,-11.7712,-7.9823,FW25,22
2026-02-01,nike,korea,61.77,46.489,-6.1531,0.081,16.6352,FW25,22
2026-02-01,adidas,global,40.37,32.0016,-2.2755,-6.5293,0.0,FW25,22
2026-02-01,adidas,korea,41.49,31.226,1.6912,29.8185,27.1919,FW25,22
2026-02-01,puma,global,12.0,9.5125,0.0,0.0,8.3032,FW25,22
2026-02-01,puma,korea,9.84,7.4057,-7.3446,37.6224,16.1747,FW25,22
2026-02-01,new_balance,global,17.64,13.9834,0.0,-4.9569,-5.8698,FW25,22
2026-02-01,new_balance,korea,19.77,14.8792,-11.9376,-0.3026,2.8081,FW25,22
2026-02-08,nike,global,61.75,46.2062,9.9929,-4.3525,4.4309,FW25,23
2026-02-08,nike,korea,90.5,50.4684,46.5113,53.2859,36.0289,FW25,23
2026-02-08,adidas,global,42.25,31.6148,4.6569,4.6569,15.3741,FW25,23
2026-02-08,adidas,korea,53.15,29.6398,28.1032,62.7871,57.8557,FW25,23
2026-02-08,puma,global,12.0,8.9793,0.0,0.0,0.0,FW25,23
2026-02-08,puma,korea,11.31,6.3072,14.939,32.4356,52.0161,FW25,23
2026-02-08,new_balance,global,17.64,13.1996,0.0,0.0,4.6263,FW25,23
2026-02-08,new_balance,korea,24.36,13.5847,23.217,18.5979,41.958,FW25,23
2026-02-15,nike,global,61.75,44.6525,0.0,8.1815,7.8414,FW25,24
2026-02-15,nike,korea,101.42,48.1576,12.0663,59.0902,75.9542,FW25,24
2026-02-15,adidas,global,44.13,31.9112,4.4497,11.8915,14.6234,FW25,24
2026-02-15,adidas,korea,65.41,31.0589,23.0668,71.7249,85.5603,FW25,24
2026-02-15,puma,global,12.92,9.3427,7.6667,16.6065,16.6065,FW25,24
2026-02-15,puma,korea,12.0,5.698,6.1008,30.0108,62.1622,FW25,24
2026-02-15,new_balance,global,19.49,14.0936,10.4875,10.4875,9.4944,FW25,24
2026-02-15,new_balance,korea,31.77,15.0855,30.4187,45.8008,59.488,FW25,24
2026-02-22,nike,global,61.75,42.9088,0.0,8.1815,1.2129,FW25,25
2026-02-22,nike,korea,73.34,46.7879,-27.6868,11.4251,39.9618,FW25,25
2026-02-22,adidas,global,47.89,33.2777,8.5203,15.9283,24.3896,FW25,25
2026-02-22,adidas,korea,46.96,29.9585,-28.2067,15.098,37.4305,FW25,25
2026-02-22,puma,global,12.92,8.9778,0.0,7.6667,16.6065,FW25,25
2026-02-22,puma,korea,9.92,6.3285,-17.3333,-6.5913,25.4109,FW25,25
2026-02-22,new_balance,global,21.35,14.8357,9.5434,21.0317,13.9274,FW25,25
2026-02-22,new_balance,korea,26.53,16.925,-16.4935,18.1737,54.065,FW25,25
2026-03-01,nike,global,59.88,40.5609,-3.0283,6.6619,-3.3414,FW25,26
2026-03-01,nike,korea,67.17,44.2082,-8.4129,8.7421,30.8846,FW25,26
2026-03-01,adidas,global,50.7,34.3426,5.8676,25.5883,14.8878,FW25,26
2026-03-01,adidas,korea,46.94,30.8938,-0.0426,13.1357,48.8741,FW25,26
2026-03-01,puma,global,13.85,9.3816,7.1981,15.4167,7.1981,FW25,26
2026-03-01,puma,korea,10.53,6.9304,6.1492,7.0122,43.0707,FW25,26
2026-03-01,new_balance,global,23.2,15.715,8.6651,31.5193,17.8862,FW25,26
2026-03-01,new_balance,korea,27.3,17.9676,2.9024,38.088,49.589,FW25,26
2026-03-08,nike,global,66.43,42.3175,10.9385,7.5789,5.6289,SS26,1
2026-03-08,nike,korea,74.02,47.0267,10.198,-18.2099,47.3035,SS26,1
2026-03-08,adidas,global,52.58,33.4947,3.7081,24.4497,11.9915,SS26,1
2026-03-08,adidas,korea,47.64,30.2668,1.4913,-10.3669,33.408,SS26,1
2026-03-08,puma,global,14.77,9.4088,6.6426,23.0833,6.6426,SS26,1
2026-03-08,puma,korea,10.62,6.7471,0.8547,-6.1008,45.4795,SS26,1
2026-03-08,new_balance,global,23.2,14.779,0.0,31.5193,7.6566,SS26,1
2026-03-08,new_balance,korea,25.12,15.9593,-7.9853,3.1199,19.1651,SS26,1
2026-03-15,nike,global,61.75,40.7887,-7.045,0.0,-8.6268,SS26,2
2026-03-15,nike,korea,78.74,46.4461,6.3767,-22.3625,44.5566,SS26,2
2026-03-15,adidas,global,53.52,35.3524,1.7878,21.278,13.9936,SS26,2
2026-03-15,adidas,korea,53.09,31.316,11.44,-18.835,48.6282,SS26,2
2026-03-15,puma,global,12.92,8.5342,-12.5254,0.0,-6.7148,SS26,2
2026-03-15,puma,korea,11.92,7.0312,12.2411,-0.6667,61.9565,SS26,2
2026-03-15,new_balance,global,23.2,15.3247,0.0,19.0354,3.157,SS26,2
2026-03-15,new_balance,korea,25.78,15.2067,2.6274,-18.8543,22.8204,SS26,2
2026-03-22,nike,global,64.56,41.6167,4.5506,4.5506,-7.0544,SS26,3
2026-03-22,nike,korea,87.57,46.1307,11.2141,19.4028,47.8224,SS26,3
2026-03-22,adidas,global,53.52,34.5001,0.0,11.7561,9.6272,SS26,3
2026-03-22,adidas,korea,61.26,32.271,15.389,30.4514,51.1473,SS26,3
2026-03-22,puma,global,13.85,8.928,7.1981,7.1981,0.0,SS26,3
2026-03-22,puma,korea,13.21,6.9589,10.8221,33.1653,40.3826,SS26,3
2026-03-22,new_balance,global,23.2,14.9552,0.0,8.6651,3.157,SS26,3
2026-03-22,new_balance,korea,27.79,14.6394,7.7967,4.7493,-0.7145,SS26,3
2026-03-29,nike,global,70.17,43.155,8.6896,17.1844,5.2971,SS26,4
2026-03-29,nike,korea,89.61,47.6877,2.3296,33.4078,48.6316,SS26,4
2026-03-29,adidas,global,54.46,33.4932,1.7564,7.4162,15.9957,SS26,4
2026-03-29,adidas,korea,59.22,31.5151,-3.3301,26.1611,38.9163,SS26,4
2026-03-29,puma,global,14.77,9.0836,6.6426,6.6426,6.6426,SS26,4
2026-03-29,puma,korea,13.3,7.0779,0.6813,26.3058,27.3946,SS26,4
2026-03-29,new_balance,global,23.2,14.2681,0.0,0.0,3.157,SS26,4
2026-03-29,new_balance,korea,25.78,13.7193,-7.2328,-5.5678,23.3493,SS26,4
2026-04-05,nike,global,67.37,44.501,-3.9903,1.415,4.0303,SS26,5
2026-04-05,nike,korea,101.95,48.4876,13.7708,37.733,67.6258,SS26,5
2026-04-05,adidas,global,47.89,31.6335,-12.0639,-8.9197,0.0,SS26,5
2026-04-05,adidas,korea,61.98,29.4778,4.6606,30.1008,56.9909,SS26,5
2026-04-05,puma,global,13.85,9.1486,-6.2288,-6.2288,7.1981,SS26,5
2026-04-05,puma,korea,16.58,7.8855,24.6617,56.1205,39.5623,SS26,5
2026-04-05,new_balance,global,22.28,14.717,-3.9655,-3.9655,3.3875,SS26,5
2026-04-05,new_balance,korea,29.75,14.1491,15.3995,18.4315,11.8421,SS26,5
2026-04-12,nike,global,63.63,43.0922,-5.5514,3.0445,-3.1507,SS26,6
2026-04-12,nike,korea,78.03,46.9975,-23.4625,-0.9017,22.9787,SS26,6
2026-04-12,adidas,global,49.76,33.699,3.9048,-7.0254,10.406,SS26,6
2026-04-12,adidas,korea,51.02,30.7294,-17.6831,-3.899,24.3177,SS26,6
2026-04-12,puma,global,13.85,9.3797,0.0,7.1981,7.1981,SS26,6
2026-04-12,puma,korea,13.12,7.9022,-20.8685,10.0671,32.2581,SS26,6
2026-04-12,new_balance,global,20.42,13.8291,-8.3483,-11.9828,-9.2041,SS26,6
2026-04-12,new_balance,korea,23.86,14.3709,-19.7983,-7.4476,17.5949,SS26,6
2026-04-19,nike,global,59.88,42.432,-5.8934,-7.2491,-4.7861,SS26,7
2026-04-19,nike,korea,67.11,47.1411,-13.9946,-23.3642,-7.281,SS26,7
2026-04-19,adidas,global,48.82,34.5947,-1.8891,-8.7818,8.3204,SS26,7
2026-04-19,adidas,korea,42.15,29.608,-17.3853,-31.1949,2.6297,SS26,7
2026-04-19,puma,global,12.0,8.5034,-13.3574,-13.3574,-7.1207,SS26,7
2026-04-19,puma,korea,10.44,7.3335,-20.4268,-20.969,0.0,SS26,7
2026-04-19,new_balance,global,20.42,14.47,0.0,-11.9828,-5.2436,SS26,7
2026-04-19,new_balance,korea,22.66,15.9174,-5.0293,-18.4599,-18.9557,SS26,7
