week_start,product_line,region,search_index,search_wow_pct,share_within_nb_pct,season_label
2022-12-25,1906r,global,2.3,,4.5098,FW22
2022-12-25,2002r,global,15.16,,29.7255,FW22
2022-12-25,2002r,korea,0.0,,0.0,FW22
2022-12-25,327,korea,22.38,,24.9972,FW22
2022-12-25,530,korea,0.0,,0.0,FW22
2022-12-25,574,global,17.92,,35.1373,FW22
2022-12-25,574,korea,37.88,,42.3098,FW22
2022-12-25,9060,global,6.89,,13.5098,FW22
2022-12-25,990,global,8.73,,17.1176,FW22
2022-12-25,992,korea,29.27,,32.693,FW22
2023-01-01,1906r,global,2.76,20.0,5.6143,FW23
2023-01-01,2002r,global,13.78,-9.1029,28.0309,FW23
2023-01-01,2002r,korea,0.0,,0.0,FW23
2023-01-01,327,korea,0.0,-100.0,0.0,FW23
2023-01-01,530,korea,27.55,,26.02,FW23
2023-01-01,574,global,18.84,5.1339,38.3238,FW23
2023-01-01,574,korea,54.23,43.1626,51.2184,FW23
2023-01-01,9060,global,5.97,-13.3527,12.144,FW23
2023-01-01,990,global,7.81,-10.5384,15.8869,FW23
2023-01-01,992,korea,24.1,-17.6631,22.7616,FW23
2023-01-08,1906r,global,2.3,-16.6667,5.0065,FW22
2023-01-08,2002r,global,14.24,3.3382,30.997,FW22
2023-01-08,2002r,korea,0.0,,0.0,FW22
2023-01-08,327,korea,0.0,,0.0,FW22
2023-01-08,530,korea,40.46,46.8603,34.0572,FW22
2023-01-08,574,global,15.62,-17.0913,34.0009,FW22
2023-01-08,574,korea,43.04,-20.6343,36.229,FW22
2023-01-08,9060,global,6.43,7.7052,13.9965,FW22
2023-01-08,990,global,7.35,-5.8899,15.9991,FW22
2023-01-08,992,korea,35.3,46.473,29.7138,FW22
2023-01-15,1906r,global,2.76,20.0,5.7765,FW22
2023-01-15,2002r,global,15.16,6.4607,31.7288,FW22
2023-01-15,2002r,korea,0.0,,0.0,FW22
2023-01-15,327,korea,24.97,,15.7629,FW22
2023-01-15,530,korea,25.83,-36.1592,16.3058,FW22
2023-01-15,574,global,15.16,-2.9449,31.7288,FW22
2023-01-15,574,korea,66.29,54.0195,41.8471,FW22
2023-01-15,9060,global,7.35,14.3079,15.383,FW22
2023-01-15,990,global,7.35,0.0,15.383,FW22
2023-01-15,992,korea,41.32,17.0538,26.0842,FW22
2023-01-22,1906r,global,2.76,0.0,5.9483,FW22
2023-01-22,2002r,global,13.78,-9.1029,29.6983,FW22
2023-01-22,2002r,korea,0.0,,0.0,FW22
2023-01-22,327,korea,0.0,-100.0,0.0,FW22
2023-01-22,530,korea,45.63,76.6551,27.1801,FW22
2023-01-22,574,global,15.16,0.0,32.6724,FW22
2023-01-22,574,korea,86.09,29.8688,51.2807,FW22
2023-01-22,9060,global,7.35,0.0,15.8405,FW22
2023-01-22,990,global,7.35,0.0,15.8405,FW22
2023-01-22,992,korea,36.16,-12.4879,21.5392,FW22
2023-01-29,1906r,global,2.3,-16.6667,4.6796,FW22
2023-01-29,2002r,global,12.86,-6.6763,26.1648,FW22
2023-01-29,2002r,korea,0.0,,0.0,FW22
2023-01-29,327,korea,31.85,,17.8732,FW22
2023-01-29,530,korea,44.77,-1.8847,25.1235,FW22
2023-01-29,574,global,15.16,0.0,30.8444,FW22
2023-01-29,574,korea,60.26,-30.0035,33.8159,FW22
2023-01-29,9060,global,11.48,56.1905,23.3571,FW22
2023-01-29,990,global,7.35,0.0,14.9542,FW22
2023-01-29,992,korea,41.32,14.2699,23.1874,FW22
2023-02-05,1906r,global,1.84,-20.0,3.8892,FW22
2023-02-05,2002r,global,11.48,-10.7309,24.2655,FW22
2023-02-05,2002r,korea,0.0,,0.0,FW22
2023-02-05,327,korea,28.41,-10.8006,21.1541,FW22
2023-02-05,530,korea,38.74,-13.4688,28.8459,FW22
2023-02-05,574,global,15.16,0.0,32.044,FW22
2023-02-05,574,korea,41.32,-31.4305,30.7669,FW22
2023-02-05,9060,global,11.94,4.007,25.2378,FW22
2023-02-05,990,global,6.89,-6.2585,14.5635,FW22
2023-02-05,992,korea,25.83,-37.4879,19.2331,FW22
2023-02-12,1906r,global,2.3,25.0,4.5936,FW22
2023-02-12,2002r,global,11.94,4.007,23.8466,FW22
2023-02-12,2002r,korea,0.0,,0.0,FW22
2023-02-12,327,korea,0.0,-100.0,0.0,FW22
2023-02-12,530,korea,55.96,44.4502,34.5752,FW22
2023-02-12,574,global,17.92,18.2058,35.7899,FW22
2023-02-12,574,korea,65.43,58.3495,40.4263,FW22
2023-02-12,9060,global,11.48,-3.8526,22.9279,FW22
2023-02-12,990,global,6.43,-6.6763,12.842,FW22
2023-02-12,992,korea,40.46,56.6396,24.9985,FW22
2023-02-19,1906r,global,2.3,0.0,4.2791,FW22
2023-02-19,2002r,global,12.86,7.7052,23.9256,FW22
2023-02-19,2002r,korea,0.0,,0.0,FW22
2023-02-19,327,korea,19.8,,10.5504,FW22
2023-02-19,530,korea,56.82,1.5368,30.2765,FW22
2023-02-19,574,global,16.54,-7.7009,30.7721,FW22
2023-02-19,574,korea,72.31,10.5151,38.5304,FW22
2023-02-19,9060,global,13.32,16.0279,24.7814,FW22
2023-02-19,990,global,8.73,35.7698,16.2419,FW22
2023-02-19,992,korea,38.74,-4.2511,20.6426,FW22
2023-02-26,1906r,global,1.84,-20.0,3.4528,FW22
2023-02-26,2002r,global,12.4,-3.577,23.2689,FW22
2023-02-26,2002r,korea,0.0,,0.0,FW22
2023-02-26,327,korea,0.0,-100.0,0.0,FW22
2023-02-26,530,korea,52.51,-7.5854,30.4972,FW22
2023-02-26,574,global,16.08,-2.7811,30.1745,FW22
2023-02-26,574,korea,64.57,-10.7039,37.5015,FW22
2023-02-26,9060,global,13.78,3.4535,25.8585,FW22
2023-02-26,990,global,9.19,5.2692,17.2453,FW22
2023-02-26,992,korea,55.1,42.2303,32.0014,FW22
2023-03-05,1906r,global,1.84,0.0,3.2039,FW22
2023-03-05,2002r,global,14.24,14.8387,24.7954,FW22
2023-03-05,2002r,korea,0.0,,0.0,FW22
2023-03-05,327,korea,0.0,,0.0,FW22
2023-03-05,530,korea,50.79,-3.2756,38.8154,FW22
2023-03-05,574,global,17.0,5.7214,29.6013,FW22
2023-03-05,574,korea,46.49,-28.0006,35.5292,FW22
2023-03-05,9060,global,16.08,16.6909,27.9993,FW22
2023-03-05,990,global,8.27,-10.0109,14.4001,FW22
2023-03-05,992,korea,33.57,-39.0744,25.6553,FW22
2023-03-12,1906r,global,1.84,0.0,3.3942,SS23
2023-03-12,2002r,global,12.86,-9.691,23.7226,SS23
2023-03-12,2002r,korea,0.0,,0.0,SS23
2023-03-12,327,korea,0.0,,0.0,SS23
2023-03-12,530,korea,33.57,-33.9043,29.1027,SS23
2023-03-12,574,global,16.08,-5.4118,29.6624,SS23
2023-03-12,574,korea,53.37,14.7989,46.2679,SS23
2023-03-12,9060,global,16.08,0.0,29.6624,SS23
2023-03-12,990,global,7.35,-11.1245,13.5584,SS23
2023-03-12,992,korea,28.41,-15.3709,24.6294,SS23
2023-03-19,1906r,global,2.3,25.0,4.0701,SS23
2023-03-19,2002r,global,12.4,-3.577,21.943,SS23
2023-03-19,2002r,korea,0.0,,0.0,SS23
2023-03-19,327,korea,0.0,,0.0,SS23
2023-03-19,530,korea,46.49,38.4867,35.9997,SS23
2023-03-19,574,global,17.92,11.4428,31.7112,SS23
2023-03-19,574,korea,45.63,-14.5025,35.3337,SS23
2023-03-19,9060,global,16.54,2.8607,29.2692,SS23
2023-03-19,990,global,7.35,0.0,13.0065,SS23
2023-03-19,992,korea,37.02,30.3062,28.6666,SS23
2023-03-26,1906r,global,2.3,0.0,4.0701,SS23
2023-03-26,2002r,global,13.32,7.4194,23.571,SS23
2023-03-26,2002r,korea,0.0,,0.0,SS23
2023-03-26,327,korea,0.0,,0.0,SS23
2023-03-26,530,korea,49.93,7.3994,40.5572,SS23
2023-03-26,574,global,16.54,-7.7009,29.2692,SS23
2023-03-26,574,korea,46.49,1.8847,37.763,SS23
2023-03-26,9060,global,17.0,2.7811,30.0832,SS23
2023-03-26,990,global,7.35,0.0,13.0065,SS23
2023-03-26,992,korea,26.69,-27.9038,21.6798,SS23
2023-04-02,1906r,global,3.22,40.0,4.8002,SS23
2023-04-02,2002r,global,15.62,17.2673,23.2856,SS23
2023-04-02,2002r,korea,0.0,,0.0,SS23
2023-04-02,327,korea,0.0,,0.0,SS23
2023-04-02,530,korea,45.63,-8.6121,46.9058,SS23
2023-04-02,574,global,18.38,11.1245,27.4001,SS23
2023-04-02,574,korea,51.65,11.0992,53.0942,SS23
2023-04-02,9060,global,22.51,32.4118,33.5569,SS23
2023-04-02,990,global,7.35,0.0,10.9571,SS23
2023-04-02,992,korea,0.0,-100.0,0.0,SS23
2023-04-09,1906r,global,2.76,-14.2857,4.1145,SS23
2023-04-09,2002r,global,14.24,-8.8348,21.2284,SS23
2023-04-09,2002r,korea,20.66,,22.6386,SS23
2023-04-09,327,korea,0.0,,0.0,SS23
2023-04-09,530,korea,44.77,-1.8847,49.0576,SS23
2023-04-09,574,global,18.84,2.5027,28.0859,SS23
2023-04-09,574,korea,25.83,-49.9903,28.3037,SS23
2023-04-09,9060,global,23.89,6.1306,35.6142,SS23
2023-04-09,990,global,7.35,0.0,10.9571,SS23
2023-04-09,992,korea,0.0,,0.0,SS23
2023-04-16,1906r,global,2.3,-16.6667,3.7643,SS23
2023-04-16,2002r,global,13.32,-6.4607,21.8003,SS23
2023-04-16,2002r,korea,0.0,-100.0,0.0,SS23
2023-04-16,327,korea,0.0,,0.0,SS23
2023-04-16,530,korea,51.65,15.3674,46.8778,SS23
2023-04-16,574,global,21.59,14.5966,35.3355,SS23
2023-04-16,574,korea,34.43,33.2946,31.2489,SS23
2023-04-16,9060,global,17.46,-26.915,28.5761,SS23
2023-04-16,990,global,6.43,-12.517,10.5237,SS23
2023-04-16,992,korea,24.1,,21.8733,SS23
2023-04-23,1906r,global,2.76,20.0,4.4842,SS23
2023-04-23,2002r,global,11.94,-10.3604,19.3989,SS23
2023-04-23,2002r,korea,0.0,,0.0,SS23
2023-04-23,327,korea,26.69,,23.4885,SS23
2023-04-23,530,korea,53.37,3.3301,46.9682,SS23
2023-04-23,574,global,19.29,-10.6531,31.3404,SS23
2023-04-23,574,korea,33.57,-2.4978,29.5433,SS23
2023-04-23,9060,global,20.67,18.3849,33.5825,SS23
2023-04-23,990,global,6.89,7.154,11.1942,SS23
2023-04-23,992,korea,0.0,-100.0,0.0,SS23
2023-04-30,1906r,global,3.68,33.3333,6.1621,SS23
2023-04-30,2002r,global,12.4,3.8526,20.7636,SS23
2023-04-30,2002r,korea,0.0,,0.0,SS23
2023-04-30,327,korea,0.0,-100.0,0.0,SS23
2023-04-30,530,korea,46.49,-12.8911,55.67,SS23
2023-04-30,574,global,17.92,-7.1021,30.0067,SS23
2023-04-30,574,korea,37.02,10.277,44.33,SS23
2023-04-30,9060,global,19.29,-6.6763,32.3007,SS23
2023-04-30,990,global,6.43,-6.6763,10.7669,SS23
2023-04-30,992,korea,0.0,,0.0,SS23
2023-05-07,1906r,global,2.76,-25.0,4.8059,SS23
2023-05-07,2002r,global,12.4,0.0,21.5915,SS23
2023-05-07,2002r,korea,0.0,,0.0,SS23
2023-05-07,327,korea,0.0,,0.0,SS23
2023-05-07,530,korea,48.21,3.6997,40.0017,SS23
2023-05-07,574,global,17.0,-5.1339,29.6013,SS23
2023-05-07,574,korea,51.65,39.5192,42.856,SS23
2023-05-07,9060,global,18.84,-2.3328,32.8052,SS23
2023-05-07,990,global,6.43,0.0,11.1962,SS23
2023-05-07,992,korea,20.66,,17.1424,SS23
2023-05-14,1906r,global,2.3,-16.6667,4.2791,SS23
2023-05-14,2002r,global,12.4,0.0,23.0698,SS23
2023-05-14,2002r,korea,0.0,,0.0,SS23
2023-05-14,327,korea,0.0,,0.0,SS23
2023-05-14,530,korea,49.07,1.7839,61.2915,SS23
2023-05-14,574,global,15.16,-10.8235,28.2047,SS23
2023-05-14,574,korea,30.99,-40.0,38.7085,SS23
2023-05-14,9060,global,17.46,-7.3248,32.4837,SS23
2023-05-14,990,global,6.43,0.0,11.9628,SS23
2023-05-14,992,korea,0.0,-100.0,0.0,SS23
2023-05-21,1906r,global,2.76,20.0,5.5112,SS23
2023-05-21,2002r,global,11.03,-11.0484,22.0248,SS23
2023-05-21,2002r,korea,0.0,,0.0,SS23
2023-05-21,327,korea,0.0,,0.0,SS23
2023-05-21,530,korea,34.43,-29.8349,48.1875,SS23
2023-05-21,574,global,14.24,-6.0686,28.4345,SS23
2023-05-21,574,korea,19.8,-36.1084,27.7117,SS23
2023-05-21,9060,global,15.62,-10.5384,31.1901,SS23
2023-05-21,990,global,6.43,0.0,12.8395,SS23
2023-05-21,992,korea,17.22,,24.1008,SS23
2023-05-28,1906r,global,2.3,-16.6667,4.4704,SS23
2023-05-28,2002r,global,11.48,4.0798,22.3129,SS23
2023-05-28,2002r,korea,0.0,,0.0,SS23
2023-05-28,327,korea,0.0,,0.0,SS23
2023-05-28,530,korea,44.77,30.0319,56.5206,SS23
2023-05-28,574,global,15.16,6.4607,29.4655,SS23
2023-05-28,574,korea,18.94,-4.3434,23.9111,SS23
2023-05-28,9060,global,16.54,5.8899,32.1477,SS23
2023-05-28,990,global,5.97,-7.154,11.6035,SS23
2023-05-28,992,korea,15.5,-9.9884,19.5682,SS23
2023-06-04,1906r,global,2.3,0.0,4.2071,SS23
2023-06-04,2002r,global,10.57,-7.9268,19.3342,SS23
2023-06-04,2002r,korea,0.0,,0.0,SS23
2023-06-04,327,korea,0.0,,0.0,SS23
2023-06-04,530,korea,23.24,-48.0902,45.757,SS23
2023-06-04,574,global,14.7,-3.0343,26.8886,SS23
2023-06-04,574,korea,27.55,45.4593,54.243,SS23
2023-06-04,9060,global,21.13,27.7509,38.6501,SS23
2023-06-04,990,global,5.97,0.0,10.9201,SS23
2023-06-04,992,korea,0.0,-100.0,0.0,SS23
2023-06-11,1906r,global,2.3,0.0,4.7238,SS23
2023-06-11,2002r,global,11.48,8.6093,23.5777,SS23
2023-06-11,2002r,korea,0.0,,0.0,SS23
2023-06-11,327,korea,0.0,,0.0,SS23
2023-06-11,530,korea,30.13,29.6472,100.0,SS23
2023-06-11,574,global,14.24,-3.1293,29.2463,SS23
2023-06-11,574,korea,0.0,-100.0,0.0,SS23
2023-06-11,9060,global,15.16,-28.2537,31.1358,SS23
2023-06-11,990,global,5.51,-7.7052,11.3165,SS23
2023-06-11,992,korea,0.0,,0.0,SS23
2023-06-18,1906r,global,2.3,0.0,4.3536,SS23
2023-06-18,2002r,global,14.24,24.0418,26.9544,SS23
2023-06-18,2002r,korea,0.0,,0.0,SS23
2023-06-18,327,korea,0.0,,0.0,SS23
2023-06-18,530,korea,0.0,-100.0,0.0,SS23
2023-06-18,574,global,14.24,0.0,26.9544,SS23
2023-06-18,574,korea,20.66,,48.0019,SS23
2023-06-18,9060,global,16.54,9.1029,31.308,SS23
2023-06-18,990,global,5.51,0.0,10.4297,SS23
2023-06-18,992,korea,22.38,,51.9981,SS23
2023-06-25,1906r,global,2.3,0.0,4.316,SS23
2023-06-25,2002r,global,11.94,-16.1517,22.4057,SS23
2023-06-25,2002r,korea,0.0,,0.0,SS23
2023-06-25,327,korea,0.0,,0.0,SS23
2023-06-25,530,korea,24.1,,51.8503,SS23
2023-06-25,574,global,14.7,3.2303,27.5849,SS23
2023-06-25,574,korea,22.38,8.3253,48.1497,SS23
2023-06-25,9060,global,18.38,11.1245,34.4905,SS23
2023-06-25,990,global,5.97,8.3485,11.2029,SS23
2023-06-25,992,korea,0.0,-100.0,0.0,SS23
2023-07-02,1906r,global,2.76,20.0,5.0063,SS23
2023-07-02,2002r,global,14.7,23.1156,26.6642,SS23
2023-07-02,2002r,korea,0.0,,0.0,SS23
2023-07-02,327,korea,0.0,,0.0,SS23
2023-07-02,530,korea,34.43,42.8631,100.0,SS23
2023-07-02,574,global,14.24,-3.1293,25.8299,SS23
2023-07-02,574,korea,0.0,-100.0,0.0,SS23
2023-07-02,9060,global,17.46,-5.0054,31.6706,SS23
2023-07-02,990,global,5.97,0.0,10.8289,SS23
2023-07-02,992,korea,0.0,,0.0,SS23
2023-07-09,1906r,global,2.76,0.0,4.8447,SS23
2023-07-09,2002r,global,13.32,-9.3878,23.3807,SS23
2023-07-09,2002r,korea,0.0,,0.0,SS23
2023-07-09,327,korea,0.0,,0.0,SS23
2023-07-09,530,korea,25.83,-24.9782,58.8249,SS23
2023-07-09,574,global,15.62,9.691,27.4179,SS23
2023-07-09,574,korea,18.08,,41.1751,SS23
2023-07-09,9060,global,17.46,0.0,30.6477,SS23
2023-07-09,990,global,7.81,30.8208,13.709,SS23
2023-07-09,992,korea,0.0,,0.0,SS23
2023-07-16,1906r,global,3.22,16.6667,5.6981,SS23
2023-07-16,2002r,global,13.78,3.4535,24.3851,SS23
2023-07-16,2002r,korea,0.0,,0.0,SS23
2023-07-16,327,korea,0.0,,0.0,SS23
2023-07-16,530,korea,25.83,0.0,44.7816,SS23
2023-07-16,574,global,14.24,-8.8348,25.1991,SS23
2023-07-16,574,korea,31.85,76.1615,55.2184,SS23
2023-07-16,9060,global,17.92,2.6346,31.7112,SS23
2023-07-16,990,global,7.35,-5.8899,13.0065,SS23
2023-07-16,992,korea,0.0,,0.0,SS23
2023-07-23,1906r,global,3.68,14.2857,5.8899,SS23
2023-07-23,2002r,global,14.24,3.3382,22.7913,SS23
2023-07-23,2002r,korea,0.0,,0.0,SS23
2023-07-23,327,korea,0.0,,0.0,SS23
2023-07-23,530,korea,21.52,-16.686,51.0194,SS23
2023-07-23,574,global,16.54,16.1517,26.4725,SS23
2023-07-23,574,korea,20.66,-35.1334,48.9806,SS23
2023-07-23,9060,global,21.13,17.9129,33.8188,SS23
2023-07-23,990,global,6.89,-6.2585,11.0275,SS23
2023-07-23,992,korea,0.0,,0.0,SS23
2023-07-30,1906r,global,4.13,12.2283,6.0336,SS23
2023-07-30,2002r,global,16.54,16.1517,24.1636,SS23
2023-07-30,2002r,korea,0.0,,0.0,SS23
2023-07-30,327,korea,0.0,,0.0,SS23
2023-07-30,530,korea,0.0,-100.0,0.0,SS23
2023-07-30,574,global,18.84,13.9057,27.5237,SS23
2023-07-30,574,korea,24.97,20.8616,50.0,SS23
2023-07-30,9060,global,21.59,2.177,31.5413,SS23
2023-07-30,990,global,7.35,6.6763,10.7378,SS23
2023-07-30,992,korea,24.97,,50.0,SS23
2023-08-06,1906r,global,4.13,0.0,6.0336,SS23
2023-08-06,2002r,global,16.54,0.0,24.1636,SS23
2023-08-06,2002r,korea,0.0,,0.0,SS23
2023-08-06,327,korea,0.0,,0.0,SS23
2023-08-06,530,korea,25.83,,100.0,SS23
2023-08-06,574,global,18.38,-2.4416,26.8517,SS23
2023-08-06,574,korea,0.0,-100.0,0.0,SS23
2023-08-06,9060,global,21.59,0.0,31.5413,SS23
2023-08-06,990,global,7.81,6.2585,11.4098,SS23
2023-08-06,992,korea,0.0,-100.0,0.0,SS23
2023-08-13,1906r,global,3.68,-10.8959,5.4118,SS23
2023-08-13,2002r,global,14.7,-11.1245,21.6176,SS23
2023-08-13,2002r,korea,0.0,,0.0,SS23
2023-08-13,327,korea,22.38,,44.0638,SS23
2023-08-13,530,korea,28.41,9.9884,55.9362,SS23
2023-08-13,574,global,17.92,-2.5027,26.3529,SS23
2023-08-13,574,korea,0.0,,0.0,SS23
2023-08-13,9060,global,23.89,10.6531,35.1324,SS23
2023-08-13,990,global,7.81,0.0,11.4853,SS23
2023-08-13,992,korea,0.0,,0.0,SS23
2023-08-20,1906r,global,3.68,0.0,5.2355,SS23
2023-08-20,2002r,global,16.08,9.3878,22.8767,SS23
2023-08-20,2002r,korea,0.0,,0.0,SS23
2023-08-20,327,korea,0.0,-100.0,0.0,SS23
2023-08-20,530,korea,32.71,15.1355,64.4024,SS23
2023-08-20,574,global,16.54,-7.7009,23.5311,SS23
2023-08-20,574,korea,0.0,,0.0,SS23
2023-08-20,9060,global,26.64,11.5111,37.9001,SS23
2023-08-20,990,global,7.35,-5.8899,10.4567,SS23
2023-08-20,992,korea,18.08,,35.5976,SS23
2023-08-27,1906r,global,4.13,12.2283,5.2881,SS23
2023-08-27,2002r,global,16.08,0.0,20.589,SS23
2023-08-27,2002r,korea,0.0,,0.0,SS23
2023-08-27,327,korea,0.0,,0.0,SS23
2023-08-27,530,korea,18.08,-44.7264,51.2181,SS23
2023-08-27,574,global,17.92,8.3434,22.9449,SS23
2023-08-27,574,korea,17.22,,48.7819,SS23
2023-08-27,9060,global,32.16,20.7207,41.178,SS23
2023-08-27,990,global,7.81,6.2585,10.0,SS23
2023-08-27,992,korea,0.0,-100.0,0.0,SS23
2023-09-03,1906r,global,3.68,-10.8959,5.2014,SS23
2023-09-03,2002r,global,13.78,-14.3035,19.477,SS23
2023-09-03,2002r,korea,0.0,,0.0,SS23
2023-09-03,327,korea,0.0,,0.0,SS23
2023-09-03,530,korea,24.97,38.1084,42.6546,SS23
2023-09-03,574,global,15.62,-12.8348,22.0777,SS23
2023-09-03,574,korea,33.57,94.9477,57.3454,SS23
2023-09-03,9060,global,30.78,-4.291,43.5053,SS23
2023-09-03,990,global,6.89,-11.7798,9.7385,SS23
2023-09-03,992,korea,0.0,,0.0,SS23
2023-09-10,1906r,global,2.76,-25.0,4.2612,FW23
2023-09-10,2002r,global,13.32,-3.3382,20.5651,FW23
2023-09-10,2002r,korea,0.0,,0.0,FW23
2023-09-10,327,korea,0.0,,0.0,FW23
2023-09-10,530,korea,32.71,30.9972,54.2814,FW23
2023-09-10,574,global,15.62,0.0,24.1161,FW23
2023-09-10,574,korea,27.55,-17.9327,45.7186,FW23
2023-09-10,9060,global,27.1,-11.9558,41.8404,FW23
2023-09-10,990,global,5.97,-13.3527,9.2172,FW23
2023-09-10,992,korea,0.0,,0.0,FW23
2023-09-17,1906r,global,2.76,0.0,3.9011,FW23
2023-09-17,2002r,global,14.24,6.9069,20.1272,FW23
2023-09-17,2002r,korea,0.0,,0.0,FW23
2023-09-17,327,korea,0.0,,0.0,FW23
2023-09-17,530,korea,41.32,26.3222,53.3299,FW23
2023-09-17,574,global,14.7,-5.8899,20.7774,FW23
2023-09-17,574,korea,36.16,31.2523,46.6701,FW23
2023-09-17,9060,global,33.08,22.0664,46.7562,FW23
2023-09-17,990,global,5.97,0.0,8.4382,FW23
2023-09-17,992,korea,0.0,,0.0,FW23
2023-09-24,1906r,global,3.22,16.6667,4.581,FW23
2023-09-24,2002r,global,12.86,-9.691,18.2956,FW23
2023-09-24,2002r,korea,0.0,,0.0,FW23
2023-09-24,327,korea,0.0,,0.0,FW23
2023-09-24,530,korea,24.97,-39.5692,30.5294,FW23
2023-09-24,574,global,15.62,6.2585,22.2222,FW23
2023-09-24,574,korea,37.88,4.7566,46.3137,FW23
2023-09-24,9060,global,32.62,-1.3906,46.4077,FW23
2023-09-24,990,global,5.97,0.0,8.4934,FW23
2023-09-24,992,korea,18.94,,23.1569,FW23
2023-10-01,1906r,global,3.68,14.2857,5.1346,FW23
2023-10-01,2002r,global,13.78,7.154,19.227,FW23
2023-10-01,2002r,korea,0.0,,0.0,FW23
2023-10-01,327,korea,0.0,,0.0,FW23
2023-10-01,530,korea,38.74,55.1462,44.118,FW23
2023-10-01,574,global,16.08,2.9449,22.4362,FW23
2023-10-01,574,korea,30.13,-20.4593,34.3127,FW23
2023-10-01,9060,global,31.7,-2.8204,44.2305,FW23
2023-10-01,990,global,6.43,7.7052,8.9717,FW23
2023-10-01,992,korea,18.94,0.0,21.5693,FW23
2023-10-08,1906r,global,3.68,0.0,5.3403,FW23
2023-10-08,2002r,global,13.32,-3.3382,19.3296,FW23
2023-10-08,2002r,korea,0.0,,0.0,FW23
2023-10-08,327,korea,0.0,,0.0,FW23
2023-10-08,530,korea,17.22,-55.5498,24.0974,FW23
2023-10-08,574,global,15.16,-5.7214,21.9997,FW23
2023-10-08,574,korea,37.88,25.7219,53.0087,FW23
2023-10-08,9060,global,30.78,-2.9022,44.667,FW23
2023-10-08,990,global,5.97,-7.154,8.6635,FW23
2023-10-08,992,korea,16.36,-13.622,22.8939,FW23
2023-10-15,1906r,global,3.22,-12.5,4.736,FW23
2023-10-15,2002r,global,14.24,6.9069,20.9443,FW23
2023-10-15,2002r,korea,0.0,,0.0,FW23
2023-10-15,327,korea,0.0,,0.0,FW23
2023-10-15,530,korea,40.46,134.9593,41.9622,FW23
2023-10-15,574,global,15.16,0.0,22.2974,FW23
2023-10-15,574,korea,37.02,-2.2703,38.3945,FW23
2023-10-15,9060,global,29.4,-4.4834,43.2417,FW23
2023-10-15,990,global,5.97,0.0,8.7807,FW23
2023-10-15,992,korea,18.94,15.7702,19.6432,FW23
2023-10-22,1906r,global,4.13,28.2609,6.2012,FW23
2023-10-22,2002r,global,13.78,-3.2303,20.6907,FW23
2023-10-22,2002r,korea,0.0,,0.0,FW23
2023-10-22,327,korea,0.0,,0.0,FW23
2023-10-22,530,korea,26.69,-34.0336,40.7917,FW23
2023-10-22,574,global,14.7,-3.0343,22.0721,FW23
2023-10-22,574,korea,38.74,4.6461,59.2083,FW23
2023-10-22,9060,global,28.48,-3.1293,42.7628,FW23
2023-10-22,990,global,5.51,-7.7052,8.2733,FW23
2023-10-22,992,korea,0.0,-100.0,0.0,FW23
2023-10-29,1906r,global,4.13,0.0,6.423,FW23
2023-10-29,2002r,global,11.48,-16.6909,17.8538,FW23
2023-10-29,2002r,korea,0.0,,0.0,FW23
2023-10-29,327,korea,0.0,,0.0,FW23
2023-10-29,530,korea,22.38,-16.1484,38.2303,FW23
2023-10-29,574,global,14.24,-3.1293,22.1462,FW23
2023-10-29,574,korea,36.16,-6.6598,61.7697,FW23
2023-10-29,9060,global,28.94,1.6152,45.0078,FW23
2023-10-29,990,global,5.51,0.0,8.5692,FW23
2023-10-29,992,korea,0.0,,0.0,FW23
2023-11-05,1906r,global,3.68,-10.8959,5.2014,FW23
2023-11-05,2002r,global,14.7,28.0488,20.7774,FW23
2023-11-05,2002r,korea,0.0,,0.0,FW23
2023-11-05,327,korea,0.0,,0.0,FW23
2023-11-05,530,korea,34.43,53.8427,50.6324,FW23
2023-11-05,574,global,15.62,9.691,22.0777,FW23
2023-11-05,574,korea,33.57,-7.1626,49.3676,FW23
2023-11-05,9060,global,30.78,6.358,43.5053,FW23
2023-11-05,990,global,5.97,8.3485,8.4382,FW23
2023-11-05,992,korea,0.0,,0.0,FW23
2023-11-12,1906r,global,3.68,0.0,4.657,FW23
2023-11-12,2002r,global,15.16,3.1293,19.185,FW23
2023-11-12,2002r,korea,0.0,,0.0,FW23
2023-11-12,327,korea,0.0,,0.0,FW23
2023-11-12,530,korea,22.38,-34.9985,44.0638,FW23
2023-11-12,574,global,21.13,35.2753,26.7401,FW23
2023-11-12,574,korea,28.41,-15.3709,55.9362,FW23
2023-11-12,9060,global,33.08,7.4724,41.8628,FW23
2023-11-12,990,global,5.97,0.0,7.555,FW23
2023-11-12,992,korea,0.0,,0.0,FW23
2023-11-19,1906r,global,4.59,24.7283,4.4611,FW23
2023-11-19,2002r,global,20.67,36.3456,20.0894,FW23
2023-11-19,2002r,korea,0.0,,0.0,FW23
2023-11-19,327,korea,0.0,,0.0,FW23
2023-11-19,530,korea,33.57,50.0,48.1428,FW23
2023-11-19,574,global,28.02,32.6077,27.233,FW23
2023-11-19,574,korea,36.16,27.2791,51.8572,FW23
2023-11-19,9060,global,41.8,26.3603,40.6259,FW23
2023-11-19,990,global,7.81,30.8208,7.5906,FW23
2023-11-19,992,korea,0.0,,0.0,FW23
2023-11-26,1906r,global,3.68,-19.8257,4.5004,FW23
2023-11-26,2002r,global,16.54,-19.9806,20.2275,FW23
2023-11-26,2002r,korea,0.0,,0.0,FW23
2023-11-26,327,korea,0.0,,0.0,FW23
2023-11-26,530,korea,21.52,-35.8951,28.0867,FW23
2023-11-26,574,global,20.67,-26.2313,25.2782,FW23
2023-11-26,574,korea,37.88,4.7566,49.4388,FW23
2023-11-26,9060,global,34.45,-17.5837,42.1304,FW23
2023-11-26,990,global,6.43,-17.6697,7.8635,FW23
2023-11-26,992,korea,17.22,,22.4745,FW23
2023-12-03,1906r,global,3.68,0.0,4.6843,FW23
2023-12-03,2002r,global,15.62,-5.5623,19.8829,FW23
2023-12-03,2002r,korea,0.0,,0.0,FW23
2023-12-03,327,korea,0.0,,0.0,FW23
2023-12-03,530,korea,24.97,16.0316,46.7778,FW23
2023-12-03,574,global,17.0,-17.7552,21.6395,FW23
2023-12-03,574,korea,28.41,-25.0,53.2222,FW23
2023-12-03,9060,global,36.29,5.3411,46.194,FW23
2023-12-03,990,global,5.97,-7.154,7.5993,FW23
2023-12-03,992,korea,0.0,-100.0,0.0,FW23
2023-12-10,1906r,global,3.68,0.0,4.5253,FW23
2023-12-10,2002r,global,15.16,-2.9449,18.6424,FW23
2023-12-10,2002r,korea,0.0,,0.0,FW23
2023-12-10,327,korea,18.94,,23.6573,FW23
2023-12-10,530,korea,15.5,-37.9255,19.3605,FW23
2023-12-10,574,global,17.0,0.0,20.9051,FW23
2023-12-10,574,korea,23.24,-18.1978,29.0282,FW23
2023-12-10,9060,global,39.05,7.6054,48.0202,FW23
2023-12-10,990,global,6.43,7.7052,7.907,FW23
2023-12-10,992,korea,22.38,,27.954,FW23
2023-12-17,1906r,global,4.13,12.2283,4.86,FW23
2023-12-17,2002r,global,15.16,0.0,17.8395,FW23
2023-12-17,2002r,korea,0.0,,,FW23
2023-12-17,327,korea,0.0,-100.0,,FW23
2023-12-17,530,korea,0.0,-100.0,,FW23
2023-12-17,574,global,17.0,0.0,20.0047,FW23
2023-12-17,574,korea,0.0,-100.0,,FW23
2023-12-17,9060,global,42.26,8.2202,49.7293,FW23
2023-12-17,990,global,6.43,0.0,7.5665,FW23
2023-12-17,992,korea,0.0,-100.0,,FW23
2023-12-24,1906r,global,5.51,33.414,5.6577,FW23
2023-12-24,2002r,global,19.75,30.277,20.2793,FW23
2023-12-24,2002r,korea,0.0,,0.0,FW23
2023-12-24,327,korea,0.0,,0.0,FW23
2023-12-24,530,korea,26.69,,100.0,FW23
2023-12-24,574,global,18.84,10.8235,19.3449,FW23
2023-12-24,574,korea,0.0,,0.0,FW23
2023-12-24,9060,global,45.94,8.708,47.1712,FW23
2023-12-24,990,global,7.35,14.3079,7.547,FW23
2023-12-24,992,korea,0.0,,0.0,FW23
2023-12-31,1906r,global,4.59,-16.6969,6.0562,FW23
2023-12-31,2002r,global,14.24,-27.8987,18.7888,FW23
2023-12-31,2002r,korea,0.0,,0.0,FW23
2023-12-31,327,korea,0.0,,0.0,FW23
2023-12-31,530,korea,29.27,9.6665,54.8435,FW23
2023-12-31,574,global,15.62,-17.0913,20.6096,FW23
2023-12-31,574,korea,24.1,,45.1565,FW23
2023-12-31,9060,global,35.37,-23.0083,46.6684,FW23
2023-12-31,990,global,5.97,-18.7755,7.877,FW23
2023-12-31,992,korea,0.0,,0.0,FW23
2024-01-07,1906r,global,6.32,37.6906,7.8189,FW23
2024-01-07,2002r,global,13.78,-3.2303,17.0481,FW23
2024-01-07,2002r,korea,0.0,,0.0,FW23
2024-01-07,327,korea,0.0,,0.0,FW23
2024-01-07,530,korea,28.28,-3.3823,62.6912,FW23
2024-01-07,574,global,13.8,-11.6517,17.0729,FW23
2024-01-07,574,korea,16.83,-30.166,37.3088,FW23
2024-01-07,9060,global,40.93,15.7195,50.6371,FW23
2024-01-07,990,global,6.0,0.5025,7.423,FW23
2024-01-07,992,korea,0.0,,0.0,FW23
2024-01-14,1906r,global,4.51,-28.6392,6.1086,FW23
2024-01-14,2002r,global,12.92,-6.2409,17.4997,FW23
2024-01-14,2002r,korea,0.0,,0.0,FW23
2024-01-14,327,korea,0.0,,0.0,FW23
2024-01-14,530,korea,22.87,-19.1301,52.8054,FW23
2024-01-14,574,global,12.94,-6.2319,17.5268,FW23
2024-01-14,574,korea,20.44,21.4498,47.1946,FW23
2024-01-14,9060,global,38.31,-6.4012,51.8895,FW23
2024-01-14,990,global,5.15,-14.1667,6.9755,FW23
2024-01-14,992,korea,0.0,,0.0,FW23
2024-01-21,1906r,global,5.41,19.9557,7.5919,FW23
2024-01-21,2002r,global,12.06,-6.6563,16.9239,FW23
2024-01-21,2002r,korea,0.0,,0.0,FW23
2024-01-21,327,korea,0.0,,0.0,FW23
2024-01-21,530,korea,17.45,-23.6992,38.1755,FW23
2024-01-21,574,global,12.94,0.0,18.1589,FW23
2024-01-21,574,korea,28.26,38.2583,61.8245,FW23
2024-01-21,9060,global,35.7,-6.8128,50.0982,FW23
2024-01-21,990,global,5.15,0.0,7.2271,FW23
2024-01-21,992,korea,0.0,,0.0,FW23
2024-01-28,1906r,global,5.41,0.0,7.1589,FW23
2024-01-28,2002r,global,12.92,7.131,17.0967,FW23
2024-01-28,2002r,korea,0.0,,0.0,FW23
2024-01-28,327,korea,0.0,,0.0,FW23
2024-01-28,530,korea,22.87,31.0602,51.3817,FW23
2024-01-28,574,global,14.67,13.3694,19.4125,FW23
2024-01-28,574,korea,21.64,-23.4253,48.6183,FW23
2024-01-28,9060,global,36.57,2.437,48.3922,FW23
2024-01-28,990,global,6.0,16.5049,7.9397,FW23
2024-01-28,992,korea,0.0,,0.0,FW23
2024-02-04,1906r,global,4.51,-16.6359,5.5838,FW23
2024-02-04,2002r,global,12.92,0.0,15.996,FW23
2024-02-04,2002r,korea,0.0,,0.0,FW23
2024-02-04,327,korea,0.0,,0.0,FW23
2024-02-04,530,korea,33.7,47.3546,49.5807,FW23
2024-02-04,574,global,13.8,-5.9305,17.0856,FW23
2024-02-04,574,korea,34.27,58.3641,50.4193,FW23
2024-02-04,9060,global,43.54,19.0593,53.9062,FW23
2024-02-04,990,global,6.0,0.0,7.4285,FW23
2024-02-04,992,korea,0.0,,0.0,FW23
2024-02-11,1906r,global,4.51,0.0,5.6431,FW23
2024-02-11,2002r,global,12.92,0.0,16.1662,FW23
2024-02-11,2002r,korea,23.24,,20.713,FW23
2024-02-11,327,korea,0.0,,0.0,FW23
2024-02-11,530,korea,39.11,16.0534,34.8574,FW23
2024-02-11,574,global,14.67,6.3043,18.3559,FW23
2024-02-11,574,korea,26.45,-22.8188,23.574,FW23
2024-02-11,9060,global,42.67,-1.9982,53.3909,FW23
2024-02-11,990,global,5.15,-14.1667,6.4439,FW23
2024-02-11,992,korea,23.4,,20.8556,FW23
2024-02-18,1906r,global,4.51,0.0,5.0425,FW23
2024-02-18,2002r,global,13.78,6.6563,15.407,FW23
2024-02-18,2002r,korea,0.0,-100.0,0.0,FW23
2024-02-18,327,korea,0.0,,0.0,FW23
2024-02-18,530,korea,33.7,-13.8328,49.1684,FW23
2024-02-18,574,global,17.26,17.6551,19.2979,FW23
2024-02-18,574,korea,19.24,-27.259,28.0712,FW23
2024-02-18,9060,global,47.89,12.2334,53.5443,FW23
2024-02-18,990,global,6.0,16.5049,6.7084,FW23
2024-02-18,992,korea,15.6,-33.3333,22.7604,FW23
2024-02-25,1906r,global,9.02,100.0,8.8614,FW23
2024-02-25,2002r,global,13.78,0.0,13.5377,FW23
2024-02-25,2002r,korea,0.0,,0.0,FW23
2024-02-25,327,korea,0.0,,0.0,FW23
2024-02-25,530,korea,49.34,46.4095,48.563,FW23
2024-02-25,574,global,16.39,-5.0406,16.1018,FW23
2024-02-25,574,korea,28.86,50.0,28.4055,FW23
2024-02-25,9060,global,56.6,18.1875,55.6047,FW23
2024-02-25,990,global,6.0,0.0,5.8945,FW23
2024-02-25,992,korea,23.4,50.0,23.0315,FW23
2024-03-03,1906r,global,8.12,-9.9778,8.2621,FW23
2024-03-03,2002r,global,13.78,0.0,14.0212,FW23
2024-03-03,2002r,korea,0.0,,0.0,FW23
2024-03-03,327,korea,0.0,,0.0,FW23
2024-03-03,530,korea,39.11,-20.7337,44.5596,FW23
2024-03-03,574,global,16.39,0.0,16.6768,FW23
2024-03-03,574,korea,27.66,-4.158,31.5142,FW23
2024-03-03,9060,global,53.99,-4.6113,54.9349,FW23
2024-03-03,990,global,6.0,0.0,6.105,FW23
2024-03-03,992,korea,21.0,-10.2564,23.9262,FW23
2024-03-10,1906r,global,7.22,-11.0837,7.4795,SS24
2024-03-10,2002r,global,12.92,-6.2409,13.3844,SS24
2024-03-10,2002r,korea,0.0,,0.0,SS24
2024-03-10,327,korea,0.0,,0.0,SS24
2024-03-10,530,korea,39.11,0.0,52.8656,SS24
2024-03-10,574,global,15.53,-5.2471,16.0883,SS24
2024-03-10,574,korea,34.87,26.0665,47.1344,SS24
2024-03-10,9060,global,54.86,1.6114,56.8321,SS24
2024-03-10,990,global,6.0,0.0,6.2157,SS24
2024-03-10,992,korea,0.0,-100.0,0.0,SS24
2024-03-17,1906r,global,6.32,-12.4654,6.0577,SS24
2024-03-17,2002r,global,12.92,0.0,12.3838,SS24
2024-03-17,2002r,korea,0.0,,0.0,SS24
2024-03-17,327,korea,0.0,,0.0,SS24
2024-03-17,530,korea,44.53,13.8583,59.6997,SS24
2024-03-17,574,global,17.26,11.1397,16.5437,SS24
2024-03-17,574,korea,30.06,-13.7941,40.3003,SS24
2024-03-17,9060,global,61.83,12.7051,59.2639,SS24
2024-03-17,990,global,6.0,0.0,5.751,SS24
2024-03-17,992,korea,0.0,,0.0,SS24
2024-03-24,1906r,global,9.02,42.7215,7.6253,SS24
2024-03-24,2002r,global,15.5,19.969,13.1034,SS24
2024-03-24,2002r,korea,0.0,,0.0,SS24
2024-03-24,327,korea,0.0,,0.0,SS24
2024-03-24,530,korea,40.32,-9.4543,54.0555,SS24
2024-03-24,574,global,18.12,4.9826,15.3183,SS24
2024-03-24,574,korea,34.27,14.0053,45.9445,SS24
2024-03-24,9060,global,68.79,11.2567,58.1537,SS24
2024-03-24,990,global,6.86,14.3333,5.7993,SS24
2024-03-24,992,korea,0.0,,0.0,SS24
2024-03-31,1906r,global,8.12,-9.9778,7.5916,SS24
2024-03-31,2002r,global,15.5,0.0,14.4914,SS24
2024-03-31,2002r,korea,0.0,,0.0,SS24
2024-03-31,327,korea,17.11,,18.0657,SS24
2024-03-31,530,korea,56.56,40.2778,59.7191,SS24
2024-03-31,574,global,16.39,-9.5475,15.3235,SS24
2024-03-31,574,korea,21.04,-38.6052,22.2152,SS24
2024-03-31,9060,global,60.95,-11.397,56.9839,SS24
2024-03-31,990,global,6.0,-12.5364,5.6096,SS24
2024-03-31,992,korea,0.0,,0.0,SS24
2024-04-07,1906r,global,7.22,-11.0837,7.1591,SS24
2024-04-07,2002r,global,14.64,-5.5484,14.5166,SS24
2024-04-07,2002r,korea,25.83,,29.4225,SS24
2024-04-07,327,korea,0.0,-100.0,0.0,SS24
2024-04-07,530,korea,37.91,-32.9738,43.1826,SS24
2024-04-07,574,global,16.39,0.0,16.2519,SS24
2024-04-07,574,korea,24.05,14.3061,27.3949,SS24
2024-04-07,9060,global,56.6,-7.137,56.123,SS24
2024-04-07,990,global,6.0,0.0,5.9494,SS24
2024-04-07,992,korea,0.0,,0.0,SS24
2024-04-14,1906r,global,6.32,-12.4654,6.6088,SS24
2024-04-14,2002r,global,12.92,-11.7486,13.5104,SS24
2024-04-14,2002r,korea,0.0,-100.0,0.0,SS24
2024-04-14,327,korea,0.0,,0.0,SS24
2024-04-14,530,korea,45.13,19.0451,65.2356,SS24
2024-04-14,574,global,15.53,-5.2471,16.2397,SS24
2024-04-14,574,korea,24.05,0.0,34.7644,SS24
2024-04-14,9060,global,54.86,-3.0742,57.3669,SS24
2024-04-14,990,global,6.0,0.0,6.2742,SS24
2024-04-14,992,korea,0.0,,0.0,SS24
2024-04-21,1906r,global,7.22,14.2405,7.0364,SS24
2024-04-21,2002r,global,13.78,6.6563,13.4295,SS24
2024-04-21,2002r,korea,0.0,,0.0,SS24
2024-04-21,327,korea,0.0,,0.0,SS24
2024-04-21,530,korea,22.26,-50.6758,43.0394,SS24
2024-04-21,574,global,18.12,16.6774,17.6591,SS24
2024-04-21,574,korea,29.46,22.4948,56.9606,SS24
2024-04-21,9060,global,58.34,6.3434,56.8561,SS24
2024-04-21,990,global,5.15,-14.1667,5.019,SS24
2024-04-21,992,korea,0.0,,0.0,SS24
2024-04-28,1906r,global,8.12,12.4654,7.7157,SS24
2024-04-28,2002r,global,13.78,0.0,13.0939,SS24
2024-04-28,2002r,korea,0.0,,0.0,SS24
2024-04-28,327,korea,0.0,,0.0,SS24
2024-04-28,530,korea,42.12,89.2183,58.3541,SS24
2024-04-28,574,global,17.26,-4.7461,16.4006,SS24
2024-04-28,574,korea,30.06,2.0367,41.6459,SS24
2024-04-28,9060,global,60.08,2.9825,57.0886,SS24
2024-04-28,990,global,6.0,16.5049,5.7013,SS24
2024-04-28,992,korea,0.0,,0.0,SS24
2024-05-05,1906r,global,8.12,0.0,8.8069,SS24
2024-05-05,2002r,global,12.92,-6.2409,14.013,SS24
2024-05-05,2002r,korea,0.0,,0.0,SS24
2024-05-05,327,korea,0.0,,0.0,SS24
2024-05-05,530,korea,36.71,-12.8443,55.986,SS24
2024-05-05,574,global,15.53,-10.0232,16.8438,SS24
2024-05-05,574,korea,28.86,-3.992,44.014,SS24
2024-05-05,9060,global,49.63,-17.3935,53.8286,SS24
2024-05-05,990,global,6.0,0.0,6.5076,SS24
2024-05-05,992,korea,0.0,,0.0,SS24
2024-05-12,1906r,global,8.12,0.0,9.3333,SS24
2024-05-12,2002r,global,12.92,0.0,14.8506,SS24
2024-05-12,2002r,korea,0.0,,0.0,SS24
2024-05-12,327,korea,0.0,,0.0,SS24
2024-05-12,530,korea,35.5,-3.2961,44.072,SS24
2024-05-12,574,global,15.53,0.0,17.8506,SS24
2024-05-12,574,korea,25.85,-10.4297,32.0919,SS24
2024-05-12,9060,global,45.28,-8.7649,52.046,SS24
2024-05-12,990,global,5.15,-14.1667,5.9195,SS24
2024-05-12,992,korea,19.2,,23.8361,SS24
2024-05-19,1906r,global,7.22,-11.0837,8.8286,SS24
2024-05-19,2002r,global,11.2,-13.3127,13.6953,SS24
2024-05-19,2002r,korea,0.0,,0.0,SS24
2024-05-19,327,korea,0.0,,0.0,SS24
2024-05-19,530,korea,41.52,16.9577,69.7112,SS24
2024-05-19,574,global,14.67,-5.5377,17.9384,SS24
2024-05-19,574,korea,18.04,-30.2128,30.2888,SS24
2024-05-19,9060,global,43.54,-3.8428,53.2404,SS24
2024-05-19,990,global,5.15,0.0,6.2974,SS24
2024-05-19,992,korea,0.0,-100.0,0.0,SS24
2024-05-26,1906r,global,8.12,12.4654,9.4265,SS24
2024-05-26,2002r,global,12.06,7.6786,14.0005,SS24
2024-05-26,2002r,korea,0.0,,0.0,SS24
2024-05-26,327,korea,0.0,,0.0,SS24
2024-05-26,530,korea,31.29,-24.6387,55.9349,SS24
2024-05-26,574,global,15.53,5.8623,18.0288,SS24
2024-05-26,574,korea,24.65,36.6408,44.0651,SS24
2024-05-26,9060,global,45.28,3.9963,52.5656,SS24
2024-05-26,990,global,5.15,0.0,5.9786,SS24
2024-05-26,992,korea,0.0,,0.0,SS24
2024-06-02,1906r,global,8.12,0.0,9.821,SS24
2024-06-02,2002r,global,12.06,0.0,14.5864,SS24
2024-06-02,2002r,korea,0.0,,0.0,SS24
2024-06-02,327,korea,0.0,,0.0,SS24
2024-06-02,530,korea,33.1,5.7846,100.0,SS24
2024-06-02,574,global,14.67,-5.5377,17.7431,SS24
2024-06-02,574,korea,0.0,-100.0,0.0,SS24
2024-06-02,9060,global,43.54,-3.8428,52.6609,SS24
2024-06-02,990,global,4.29,-16.699,5.1887,SS24
2024-06-02,992,korea,0.0,,0.0,SS24
2024-06-09,1906r,global,7.22,-11.0837,8.6477,SS24
2024-06-09,2002r,global,12.06,0.0,14.4448,SS24
2024-06-09,2002r,korea,0.0,,0.0,SS24
2024-06-09,327,korea,0.0,,0.0,SS24
2024-06-09,530,korea,60.17,81.7825,64.5324,SS24
2024-06-09,574,global,16.39,11.7246,19.6311,SS24
2024-06-09,574,korea,33.07,,35.4676,SS24
2024-06-09,9060,global,42.67,-1.9982,51.1079,SS24
2024-06-09,990,global,5.15,20.0466,6.1684,SS24
2024-06-09,992,korea,0.0,,0.0,SS24
2024-06-16,1906r,global,7.22,0.0,9.2209,SS24
2024-06-16,2002r,global,12.06,0.0,15.4023,SS24
2024-06-16,2002r,korea,0.0,,0.0,SS24
2024-06-16,327,korea,0.0,,0.0,SS24
2024-06-16,530,korea,35.5,-41.0005,100.0,SS24
2024-06-16,574,global,13.8,-15.8023,17.6245,SS24
2024-06-16,574,korea,0.0,-100.0,0.0,SS24
2024-06-16,9060,global,40.93,-4.0778,52.2733,SS24
2024-06-16,990,global,4.29,-16.699,5.4789,SS24
2024-06-16,992,korea,0.0,,0.0,SS24
2024-06-23,1906r,global,6.32,-12.4654,8.2593,SS24
2024-06-23,2002r,global,12.92,7.131,16.8845,SS24
2024-06-23,2002r,korea,0.0,,0.0,SS24
2024-06-23,327,korea,0.0,,0.0,SS24
2024-06-23,530,korea,52.95,49.1549,72.7435,SS24
2024-06-23,574,global,13.8,0.0,18.0345,SS24
2024-06-23,574,korea,19.84,,27.2565,SS24
2024-06-23,9060,global,39.19,-4.2512,51.2154,SS24
2024-06-23,990,global,4.29,0.0,5.6064,SS24
2024-06-23,992,korea,0.0,,0.0,SS24
2024-06-30,1906r,global,7.22,14.2405,9.1208,SS24
2024-06-30,2002r,global,12.92,0.0,16.3214,SS24
2024-06-30,2002r,korea,0.0,,0.0,SS24
2024-06-30,327,korea,0.0,,0.0,SS24
2024-06-30,530,korea,42.72,-19.3201,52.6368,SS24
2024-06-30,574,global,13.8,0.0,17.433,SS24
2024-06-30,574,korea,19.24,-3.0242,23.7063,SS24
2024-06-30,9060,global,40.93,4.4399,51.7054,SS24
2024-06-30,990,global,4.29,0.0,5.4194,SS24
2024-06-30,992,korea,19.2,,23.657,SS24
2024-07-07,1906r,global,9.02,24.9307,10.6821,SS24
2024-07-07,2002r,global,12.92,0.0,15.3008,SS24
2024-07-07,2002r,korea,0.0,,0.0,SS24
2024-07-07,327,korea,0.0,,0.0,SS24
2024-07-07,530,korea,46.33,8.4504,67.5561,SS24
2024-07-07,574,global,14.67,6.3043,17.3733,SS24
2024-07-07,574,korea,22.25,15.6445,32.4439,SS24
2024-07-07,9060,global,43.54,6.3767,51.5632,SS24
2024-07-07,990,global,4.29,0.0,5.0805,SS24
2024-07-07,992,korea,0.0,-100.0,0.0,SS24
2024-07-14,1906r,global,9.02,0.0,10.1611,SS24
2024-07-14,2002r,global,12.92,0.0,14.5545,SS24
2024-07-14,2002r,korea,0.0,,0.0,SS24
2024-07-14,327,korea,0.0,,0.0,SS24
2024-07-14,530,korea,32.49,-29.8727,100.0,SS24
2024-07-14,574,global,15.53,5.8623,17.4946,SS24
2024-07-14,574,korea,0.0,-100.0,0.0,SS24
2024-07-14,9060,global,46.15,5.9945,51.9883,SS24
2024-07-14,990,global,5.15,20.0466,5.8015,SS24
2024-07-14,992,korea,0.0,,0.0,SS24
2024-07-21,1906r,global,8.12,-9.9778,8.6447,SS24
2024-07-21,2002r,global,14.64,13.3127,15.5861,SS24
2024-07-21,2002r,korea,0.0,,0.0,SS24
2024-07-21,327,korea,0.0,,0.0,SS24
2024-07-21,530,korea,25.87,-20.3755,46.7558,SS24
2024-07-21,574,global,16.39,5.5377,17.4492,SS24
2024-07-21,574,korea,29.46,,53.2442,SS24
2024-07-21,9060,global,49.63,7.5406,52.8372,SS24
2024-07-21,990,global,5.15,0.0,5.4828,SS24
2024-07-21,992,korea,0.0,,0.0,SS24
2024-07-28,1906r,global,8.12,0.0,7.7823,SS24
2024-07-28,2002r,global,15.5,5.8743,14.8553,SS24
2024-07-28,2002r,korea,0.0,,0.0,SS24
2024-07-28,327,korea,0.0,,0.0,SS24
2024-07-28,530,korea,19.86,-23.2315,100.0,SS24
2024-07-28,574,global,18.12,10.5552,17.3663,SS24
2024-07-28,574,korea,0.0,-100.0,0.0,SS24
2024-07-28,9060,global,56.6,14.0439,54.2457,SS24
2024-07-28,990,global,6.0,16.5049,5.7504,SS24
2024-07-28,992,korea,0.0,,0.0,SS24
2024-08-04,1906r,global,8.12,0.0,7.3531,SS24
2024-08-04,2002r,global,16.37,5.6129,14.8239,SS24
2024-08-04,2002r,korea,0.0,,0.0,SS24
2024-08-04,327,korea,0.0,,0.0,SS24
2024-08-04,530,korea,39.11,96.9285,69.16,SS24
2024-08-04,574,global,19.84,9.4923,17.9661,SS24
2024-08-04,574,korea,17.44,,30.84,SS24
2024-08-04,9060,global,60.95,7.6855,55.1933,SS24
2024-08-04,990,global,5.15,-14.1667,4.6636,SS24
2024-08-04,992,korea,0.0,,0.0,SS24
2024-08-11,1906r,global,9.02,11.0837,7.9781,SS24
2024-08-11,2002r,global,17.23,5.2535,15.2397,SS24
2024-08-11,2002r,korea,0.0,,0.0,SS24
2024-08-11,327,korea,0.0,,0.0,SS24
2024-08-11,530,korea,20.46,-47.686,100.0,SS24
2024-08-11,574,global,18.98,-4.3347,16.7875,SS24
2024-08-11,574,korea,0.0,-100.0,0.0,SS24
2024-08-11,9060,global,61.83,1.4438,54.6878,SS24
2024-08-11,990,global,6.0,16.5049,5.3069,SS24
2024-08-11,992,korea,0.0,,0.0,SS24
2024-08-18,1906r,global,9.02,0.0,7.7392,SS24
2024-08-18,2002r,global,18.09,4.9913,15.5212,SS24
2024-08-18,2002r,korea,0.0,,0.0,SS24
2024-08-18,327,korea,0.0,,0.0,SS24
2024-08-18,530,korea,26.48,29.4233,61.1406,SS24
2024-08-18,574,global,17.26,-9.0622,14.8091,SS24
2024-08-18,574,korea,16.83,,38.8594,SS24
2024-08-18,9060,global,66.18,7.0354,56.7825,SS24
2024-08-18,990,global,6.0,0.0,5.148,SS24
2024-08-18,992,korea,0.0,,0.0,SS24
2024-08-25,1906r,global,9.93,10.0887,8.9146,SS24
2024-08-25,2002r,global,18.09,0.0,16.2402,SS24
2024-08-25,2002r,korea,0.0,,0.0,SS24
2024-08-25,327,korea,0.0,,0.0,SS24
2024-08-25,530,korea,27.08,2.2659,48.9339,SS24
2024-08-25,574,global,16.39,-5.0406,14.7141,SS24
2024-08-25,574,korea,28.26,67.9144,51.0661,SS24
2024-08-25,9060,global,61.83,-6.573,55.5077,SS24
2024-08-25,990,global,5.15,-14.1667,4.6234,SS24
2024-08-25,992,korea,0.0,,0.0,SS24
2024-09-01,1906r,global,9.02,-9.1641,8.8596,SS24
2024-09-01,2002r,global,16.37,-9.508,16.079,SS24
2024-09-01,2002r,korea,0.0,,0.0,SS24
2024-09-01,327,korea,0.0,,0.0,SS24
2024-09-01,530,korea,23.47,-13.3309,100.0,SS24
2024-09-01,574,global,14.67,-10.4942,14.4092,SS24
2024-09-01,574,korea,0.0,-100.0,0.0,SS24
2024-09-01,9060,global,56.6,-8.4587,55.5938,SS24
2024-09-01,990,global,5.15,0.0,5.0584,SS24
2024-09-01,992,korea,0.0,,0.0,SS24
2024-09-08,1906r,global,9.02,0.0,9.1723,FW24
2024-09-08,2002r,global,14.64,-10.5681,14.8871,FW24
2024-09-08,2002r,korea,0.0,,0.0,FW24
2024-09-08,327,korea,0.0,,0.0,FW24
2024-09-08,530,korea,37.31,58.9689,59.0722,FW24
2024-09-08,574,global,13.8,-5.9305,14.0329,FW24
2024-09-08,574,korea,25.85,,40.9278,FW24
2024-09-08,9060,global,55.73,-1.5371,56.6707,FW24
2024-09-08,990,global,5.15,0.0,5.2369,FW24
2024-09-08,992,korea,0.0,,0.0,FW24
2024-09-15,1906r,global,9.02,0.0,9.3375,FW24
2024-09-15,2002r,global,12.92,-11.7486,13.3747,FW24
2024-09-15,2002r,korea,0.0,,0.0,FW24
2024-09-15,327,korea,0.0,,0.0,FW24
2024-09-15,530,korea,39.11,4.8244,56.5419,FW24
2024-09-15,574,global,16.39,18.7681,16.9669,FW24
2024-09-15,574,korea,30.06,16.2863,43.4581,FW24
2024-09-15,9060,global,53.12,-4.6833,54.9896,FW24
2024-09-15,990,global,5.15,0.0,5.3313,FW24
2024-09-15,992,korea,0.0,,0.0,FW24
2024-09-22,1906r,global,9.02,0.0,9.3355,FW24
2024-09-22,2002r,global,13.78,6.6563,14.2621,FW24
2024-09-22,2002r,korea,0.0,,0.0,FW24
2024-09-22,327,korea,0.0,,0.0,FW24
2024-09-22,530,korea,38.51,-1.5341,100.0,FW24
2024-09-22,574,global,12.94,-21.0494,13.3927,FW24
2024-09-22,574,korea,0.0,-100.0,0.0,FW24
2024-09-22,9060,global,55.73,4.9134,57.6796,FW24
2024-09-22,990,global,5.15,0.0,5.3302,FW24
2024-09-22,992,korea,0.0,,0.0,FW24
2024-09-29,1906r,global,9.02,0.0,8.9369,FW24
2024-09-29,2002r,global,14.64,6.2409,14.5051,FW24
2024-09-29,2002r,korea,0.0,,0.0,FW24
2024-09-29,327,korea,0.0,,0.0,FW24
2024-09-29,530,korea,29.48,-23.4485,56.3348,FW24
2024-09-29,574,global,16.39,26.6615,16.239,FW24
2024-09-29,574,korea,22.85,,43.6652,FW24
2024-09-29,9060,global,55.73,0.0,55.2165,FW24
2024-09-29,990,global,5.15,0.0,5.1025,FW24
2024-09-29,992,korea,0.0,,0.0,FW24
2024-10-06,1906r,global,9.02,0.0,9.5947,FW24
2024-10-06,2002r,global,12.92,-11.7486,13.7432,FW24
2024-10-06,2002r,korea,0.0,,0.0,FW24
2024-10-06,327,korea,0.0,,0.0,FW24
2024-10-06,530,korea,37.31,26.5604,57.9618,FW24
2024-10-06,574,global,14.67,-10.4942,15.6047,FW24
2024-10-06,574,korea,27.06,18.4245,42.0382,FW24
2024-10-06,9060,global,52.25,-6.2444,55.5792,FW24
2024-10-06,990,global,5.15,0.0,5.4781,FW24
2024-10-06,992,korea,0.0,,0.0,FW24
2024-10-13,1906r,global,8.12,-9.9778,8.886,FW24
2024-10-13,2002r,global,12.92,0.0,14.1388,FW24
2024-10-13,2002r,korea,0.0,,0.0,FW24
2024-10-13,327,korea,0.0,,0.0,FW24
2024-10-13,530,korea,39.11,4.8244,59.1053,FW24
2024-10-13,574,global,13.8,-5.9305,15.1018,FW24
2024-10-13,574,korea,27.06,0.0,40.8947,FW24
2024-10-13,9060,global,52.25,0.0,57.1788,FW24
2024-10-13,990,global,4.29,-16.699,4.6947,FW24
2024-10-13,992,korea,0.0,,0.0,FW24
2024-10-20,1906r,global,7.22,-11.0837,8.0562,FW24
2024-10-20,2002r,global,12.06,-6.6563,13.4568,FW24
2024-10-20,2002r,korea,0.0,,0.0,FW24
2024-10-20,327,korea,0.0,,0.0,FW24
2024-10-20,530,korea,22.26,-43.0836,31.6553,FW24
2024-10-20,574,global,13.8,0.0,15.3983,FW24
2024-10-20,574,korea,30.66,13.3038,43.6007,FW24
2024-10-20,9060,global,52.25,0.0,58.3017,FW24
2024-10-20,990,global,4.29,0.0,4.7869,FW24
2024-10-20,992,korea,17.4,,24.744,FW24
2024-10-27,1906r,global,8.12,12.4654,8.884,FW24
2024-10-27,2002r,global,12.06,0.0,13.1947,FW24
2024-10-27,2002r,korea,0.0,,0.0,FW24
2024-10-27,327,korea,0.0,,0.0,FW24
2024-10-27,530,korea,33.1,48.6972,63.9737,FW24
2024-10-27,574,global,12.94,-6.2319,14.1575,FW24
2024-10-27,574,korea,18.64,-39.2042,36.0263,FW24
2024-10-27,9060,global,53.99,3.3301,59.07,FW24
2024-10-27,990,global,4.29,0.0,4.6937,FW24
2024-10-27,992,korea,0.0,-100.0,0.0,FW24
2024-11-03,1906r,global,8.12,0.0,8.6383,FW24
2024-11-03,2002r,global,12.06,0.0,12.8298,FW24
2024-11-03,2002r,korea,0.0,,0.0,FW24
2024-11-03,327,korea,0.0,,0.0,FW24
2024-11-03,530,korea,41.52,25.4381,47.6311,FW24
2024-11-03,574,global,14.67,13.3694,15.6064,FW24
2024-11-03,574,korea,25.85,38.6803,29.6547,FW24
2024-11-03,9060,global,54.86,1.6114,58.3617,FW24
2024-11-03,990,global,4.29,0.0,4.5638,FW24
2024-11-03,992,korea,19.8,,22.7142,FW24
2024-11-10,1906r,global,9.02,11.0837,9.1713,FW24
2024-11-10,2002r,global,12.92,7.131,13.1368,FW24
2024-11-10,2002r,korea,0.0,,0.0,FW24
2024-11-10,327,korea,0.0,,0.0,FW24
2024-11-10,530,korea,34.9,-15.9441,46.4466,FW24
2024-11-10,574,global,16.39,11.7246,16.665,FW24
2024-11-10,574,korea,21.04,-18.6074,28.0011,FW24
2024-11-10,9060,global,55.73,1.5859,56.665,FW24
2024-11-10,990,global,4.29,0.0,4.362,FW24
2024-11-10,992,korea,19.2,-3.0303,25.5523,FW24
2024-11-17,1906r,global,9.93,10.0887,9.0528,FW24
2024-11-17,2002r,global,14.64,13.3127,13.3467,FW24
2024-11-17,2002r,korea,0.0,,0.0,FW24
2024-11-17,327,korea,0.0,,0.0,FW24
2024-11-17,530,korea,28.28,-18.9685,53.4291,FW24
2024-11-17,574,global,17.26,5.3081,15.7353,FW24
2024-11-17,574,korea,24.65,17.1578,46.5709,FW24
2024-11-17,9060,global,63.57,14.0678,57.9542,FW24
2024-11-17,990,global,4.29,0.0,3.911,FW24
2024-11-17,992,korea,0.0,-100.0,0.0,FW24
2024-11-24,1906r,global,12.63,27.1903,8.6371,FW24
2024-11-24,2002r,global,19.81,35.3142,13.5472,FW24
2024-11-24,2002r,korea,0.0,,0.0,FW24
2024-11-24,327,korea,0.0,,0.0,FW24
2024-11-24,530,korea,41.52,46.8175,48.9854,FW24
2024-11-24,574,global,20.71,19.9884,14.1626,FW24
2024-11-24,574,korea,19.24,-21.9473,22.6994,FW24
2024-11-24,9060,global,87.08,36.9829,59.55,FW24
2024-11-24,990,global,6.0,39.8601,4.1031,FW24
2024-11-24,992,korea,24.0,,28.3152,FW24
2024-12-01,1906r,global,11.04,-12.5891,8.5389,FW24
2024-12-01,2002r,global,18.1,-8.632,13.9995,FW24
2024-12-01,2002r,korea,0.0,,0.0,FW24
2024-12-01,327,korea,0.0,,0.0,FW24
2024-12-01,530,korea,30.88,-25.6262,100.0,FW24
2024-12-01,574,global,18.01,-13.0372,13.9299,FW24
2024-12-01,574,korea,0.0,-100.0,0.0,FW24
2024-12-01,9060,global,76.99,-11.587,59.5483,FW24
2024-12-01,990,global,5.15,-14.1667,3.9833,FW24
2024-12-01,992,korea,0.0,-100.0,0.0,FW24
2024-12-08,1906r,global,10.12,-8.3333,8.289,FW24
2024-12-08,2002r,global,16.29,-10.0,13.3426,FW24
2024-12-08,2002r,korea,0.0,,0.0,FW24
2024-12-08,327,korea,0.0,,0.0,FW24
2024-12-08,530,korea,28.89,-6.4443,100.0,FW24
2024-12-08,574,global,17.11,-4.9972,14.0143,FW24
2024-12-08,574,korea,0.0,,0.0,FW24
2024-12-08,9060,global,74.28,-3.5199,60.8404,FW24
2024-12-08,990,global,4.29,-16.699,3.5138,FW24
2024-12-08,992,korea,0.0,,0.0,FW24
2024-12-15,1906r,global,10.12,0.0,8.5422,FW24
2024-12-15,2002r,global,17.19,5.5249,14.51,FW24
2024-12-15,2002r,korea,19.8,,46.3592,FW24
2024-12-15,327,korea,0.0,,0.0,FW24
2024-12-15,530,korea,22.91,-20.6992,53.6408,FW24
2024-12-15,574,global,15.31,-10.5202,12.9231,FW24
2024-12-15,574,korea,0.0,,0.0,FW24
2024-12-15,9060,global,71.56,-3.6618,60.4035,FW24
2024-12-15,990,global,4.29,0.0,3.6212,FW24
2024-12-15,992,korea,0.0,,0.0,FW24
2024-12-22,1906r,global,11.96,18.1818,8.8168,FW24
2024-12-22,2002r,global,19.0,10.5294,14.0066,FW24
2024-12-22,2002r,korea,0.0,-100.0,0.0,FW24
2024-12-22,327,korea,0.0,,0.0,FW24
2024-12-22,530,korea,0.0,-100.0,0.0,FW24
2024-12-22,574,global,17.11,11.757,12.6133,FW24
2024-12-22,574,korea,24.87,,100.0,FW24
2024-12-22,9060,global,82.43,15.1901,60.7667,FW24
2024-12-22,990,global,5.15,20.0466,3.7965,FW24
2024-12-22,992,korea,0.0,,0.0,FW24
2024-12-29,1906r,global,10.12,-15.3846,9.1024,FW24
2024-12-29,2002r,global,14.48,-23.7895,13.0239,FW24
2024-12-29,2002r,korea,0.0,,0.0,FW24
2024-12-29,327,korea,0.0,,0.0,FW24
2024-12-29,530,korea,31.88,,45.752,FW24
2024-12-29,574,global,15.31,-10.5202,13.7705,FW24
2024-12-29,574,korea,37.8,51.9903,54.248,FW24
2024-12-29,9060,global,66.12,-19.7865,59.4711,FW24
2024-12-29,990,global,5.15,0.0,4.6321,FW24
2024-12-29,992,korea,0.0,,0.0,FW24
2025-01-05,1906r,global,9.2,-9.0909,8.0104,FW24
2025-01-05,2002r,global,14.48,0.0,12.6077,FW24
2025-01-05,2002r,korea,0.0,,0.0,FW24
2025-01-05,327,korea,0.0,,0.0,FW24
2025-01-05,530,korea,23.91,-25.0,100.0,FW24
2025-01-05,574,global,14.41,-5.8785,12.5468,FW24
2025-01-05,574,korea,0.0,-100.0,0.0,FW24
2025-01-05,9060,global,72.47,9.6038,63.0997,FW24
2025-01-05,990,global,4.29,-16.699,3.7353,FW24
2025-01-05,992,korea,0.0,,0.0,FW24
2025-01-12,1906r,global,9.2,0.0,8.5502,FW24
2025-01-12,2002r,global,13.57,-6.2845,12.6115,FW24
2025-01-12,2002r,korea,0.0,,0.0,FW24
2025-01-12,327,korea,0.0,,0.0,FW24
2025-01-12,530,korea,0.0,-100.0,0.0,FW24
2025-01-12,574,global,13.51,-6.2457,12.5558,FW24
2025-01-12,574,korea,31.83,,100.0,FW24
2025-01-12,9060,global,67.03,-7.5066,62.2955,FW24
2025-01-12,990,global,4.29,0.0,3.987,FW24
2025-01-12,992,korea,0.0,,0.0,FW24
2025-01-19,1906r,global,8.28,-10.0,8.1778,FW24
2025-01-19,2002r,global,13.57,0.0,13.4025,FW24
2025-01-19,2002r,korea,0.0,,0.0,FW24
2025-01-19,327,korea,0.0,,0.0,FW24
2025-01-19,530,korea,35.86,,51.4638,FW24
2025-01-19,574,global,13.51,0.0,13.3432,FW24
2025-01-19,574,korea,33.82,6.252,48.5362,FW24
2025-01-19,9060,global,61.6,-8.1009,60.8395,FW24
2025-01-19,990,global,4.29,0.0,4.237,FW24
2025-01-19,992,korea,0.0,,0.0,FW24
2025-01-26,1906r,global,8.28,0.0,7.7615,FW24
2025-01-26,2002r,global,14.48,6.706,13.5733,FW24
2025-01-26,2002r,korea,0.0,,0.0,FW24
2025-01-26,327,korea,0.0,,0.0,FW24
2025-01-26,530,korea,32.87,-8.338,55.031,FW24
2025-01-26,574,global,13.51,0.0,12.664,FW24
2025-01-26,574,korea,26.86,-20.5795,44.969,FW24
2025-01-26,9060,global,66.12,7.3377,61.9798,FW24
2025-01-26,990,global,4.29,0.0,4.0214,FW24
2025-01-26,992,korea,0.0,,0.0,FW24
2025-02-02,1906r,global,7.36,-11.1111,7.3358,FW24
2025-02-02,2002r,global,12.67,-12.5,12.6283,FW24
2025-02-02,2002r,korea,0.0,,0.0,FW24
2025-02-02,327,korea,0.0,,0.0,FW24
2025-02-02,530,korea,0.0,-100.0,0.0,FW24
2025-02-02,574,global,14.41,6.6617,14.3626,FW24
2025-02-02,574,korea,26.86,0.0,100.0,FW24
2025-02-02,9060,global,61.6,-6.8361,61.3974,FW24
2025-02-02,990,global,4.29,0.0,4.2759,FW24
2025-02-02,992,korea,0.0,,0.0,FW24
2025-02-09,1906r,global,7.36,0.0,7.6072,FW24
2025-02-09,2002r,global,12.67,0.0,13.0956,FW24
2025-02-09,2002r,korea,0.0,,0.0,FW24
2025-02-09,327,korea,0.0,,0.0,FW24
2025-02-09,530,korea,41.84,,51.8207,FW24
2025-02-09,574,global,13.51,-6.2457,13.9638,FW24
2025-02-09,574,korea,18.9,-29.6351,23.4085,FW24
2025-02-09,9060,global,59.78,-2.9545,61.7881,FW24
2025-02-09,990,global,3.43,-20.0466,3.5452,FW24
2025-02-09,992,korea,20.0,,24.7709,FW24
2025-02-16,1906r,global,7.36,0.0,7.7555,FW24
2025-02-16,2002r,global,10.86,-14.2857,11.4436,FW24
2025-02-16,2002r,korea,0.0,,0.0,FW24
2025-02-16,327,korea,0.0,,0.0,FW24
2025-02-16,530,korea,43.83,4.7562,61.1468,FW24
2025-02-16,574,global,13.51,0.0,14.236,FW24
2025-02-16,574,korea,27.85,47.3545,38.8532,FW24
2025-02-16,9060,global,58.88,-1.5055,62.0443,FW24
2025-02-16,990,global,4.29,25.0729,4.5205,FW24
2025-02-16,992,korea,0.0,-100.0,0.0,FW24
2025-02-23,1906r,global,8.28,12.5,7.8993,FW24
2025-02-23,2002r,global,11.76,8.2873,11.2192,FW24
2025-02-23,2002r,korea,0.0,,0.0,FW24
2025-02-23,327,korea,0.0,,0.0,FW24
2025-02-23,530,korea,38.85,-11.3621,54.966,FW24
2025-02-23,574,global,14.41,6.6617,13.7474,FW24
2025-02-23,574,korea,31.83,14.2908,45.034,FW24
2025-02-23,9060,global,65.22,10.7677,62.221,FW24
2025-02-23,990,global,5.15,20.0466,4.9132,FW24
2025-02-23,992,korea,0.0,,0.0,FW24
2025-03-02,1906r,global,8.28,0.0,6.937,FW24
2025-03-02,2002r,global,12.67,7.7381,10.6149,FW24
2025-03-02,2002r,korea,0.0,,0.0,FW24
2025-03-02,327,korea,0.0,,0.0,FW24
2025-03-02,530,korea,29.89,-23.0631,100.0,FW24
2025-03-02,574,global,15.31,6.2457,12.8267,FW24
2025-03-02,574,korea,0.0,-100.0,0.0,FW24
2025-03-02,9060,global,78.81,20.8372,66.0271,FW24
2025-03-02,990,global,4.29,-16.699,3.5942,FW24
2025-03-02,992,korea,0.0,,0.0,FW24
2025-03-09,1906r,global,9.2,11.1111,7.5933,SS25
2025-03-09,2002r,global,13.57,7.1034,11.2001,SS25
2025-03-09,2002r,korea,0.0,,0.0,SS25
2025-03-09,327,korea,0.0,,0.0,SS25
2025-03-09,530,korea,44.83,49.9833,38.4444,SS25
2025-03-09,574,global,17.11,11.757,14.1218,SS25
2025-03-09,574,korea,41.78,,35.8288,SS25
2025-03-09,9060,global,76.99,-2.3094,63.5441,SS25
2025-03-09,990,global,4.29,0.0,3.5408,SS25
2025-03-09,992,korea,30.0,,25.7268,SS25
2025-03-16,1906r,global,9.2,0.0,7.5958,SS25
2025-03-16,2002r,global,13.57,0.0,11.2038,SS25
2025-03-16,2002r,korea,0.0,,0.0,SS25
2025-03-16,327,korea,0.0,,0.0,SS25
2025-03-16,530,korea,43.83,-2.2306,41.8665,SS25
2025-03-16,574,global,17.11,0.0,14.1265,SS25
2025-03-16,574,korea,25.86,-38.1044,24.7015,SS25
2025-03-16,9060,global,76.09,-1.169,62.822,SS25
2025-03-16,990,global,5.15,20.0466,4.252,SS25
2025-03-16,992,korea,35.0,16.6667,33.432,SS25
2025-03-23,1906r,global,9.2,0.0,7.4809,SS25
2025-03-23,2002r,global,12.67,-6.6323,10.3025,SS25
2025-03-23,2002r,korea,0.0,,0.0,SS25
2025-03-23,327,korea,0.0,,0.0,SS25
2025-03-23,530,korea,32.87,-25.0057,20.3253,SS25
2025-03-23,574,global,17.11,0.0,13.9128,SS25
2025-03-23,574,korea,28.85,11.5623,17.8395,SS25
2025-03-23,9060,global,79.71,4.7575,64.8154,SS25
2025-03-23,990,global,4.29,-16.699,3.4884,SS25
2025-03-23,992,korea,100.0,185.7143,61.8353,SS25
2025-03-30,1906r,global,9.2,0.0,6.9199,SS25
2025-03-30,2002r,global,12.67,0.0,9.5299,SS25
2025-03-30,2002r,korea,0.0,,0.0,SS25
2025-03-30,327,korea,0.0,,0.0,SS25
2025-03-30,530,korea,59.77,81.8375,46.4919,SS25
2025-03-30,574,global,16.21,-5.2601,12.1926,SS25
2025-03-30,574,korea,40.79,41.3865,31.7284,SS25
2025-03-30,9060,global,90.58,13.6369,68.1309,SS25
2025-03-30,990,global,4.29,0.0,3.2268,SS25
2025-03-30,992,korea,28.0,-72.0,21.7797,SS25
2025-04-06,1906r,global,8.28,-10.0,6.9405,SS25
2025-04-06,2002r,global,11.76,-7.1823,9.8575,SS25
2025-04-06,2002r,korea,0.0,,0.0,SS25
2025-04-06,327,korea,0.0,,0.0,SS25
2025-04-06,530,korea,35.86,-40.0033,58.9221,SS25
2025-04-06,574,global,16.21,0.0,13.5876,SS25
2025-04-06,574,korea,0.0,-100.0,0.0,SS25
2025-04-06,9060,global,77.9,-13.9987,65.2976,SS25
2025-04-06,990,global,5.15,20.0466,4.3168,SS25
2025-04-06,992,korea,25.0,-10.7143,41.0779,SS25
2025-04-13,1906r,global,8.28,0.0,7.3268,SS25
2025-04-13,2002r,global,11.76,0.0,10.4062,SS25
2025-04-13,2002r,korea,0.0,,0.0,SS25
2025-04-13,327,korea,0.0,,0.0,SS25
2025-04-13,530,korea,45.83,27.8026,68.577,SS25
2025-04-13,574,global,15.31,-5.5521,13.5475,SS25
2025-04-13,574,korea,0.0,,0.0,SS25
2025-04-13,9060,global,73.37,-5.8151,64.9235,SS25
2025-04-13,990,global,4.29,-16.699,3.7961,SS25
2025-04-13,992,korea,21.0,-16.0,31.423,SS25
2025-04-20,1906r,global,8.28,0.0,6.9492,SS25
2025-04-20,2002r,global,11.76,0.0,9.8699,SS25
2025-04-20,2002r,korea,0.0,,0.0,SS25
2025-04-20,327,korea,0.0,,0.0,SS25
2025-04-20,530,korea,33.87,-26.0964,54.8769,SS25
2025-04-20,574,global,16.21,5.8785,13.6047,SS25
2025-04-20,574,korea,27.85,,45.1231,SS25
2025-04-20,9060,global,75.18,2.4669,63.0969,SS25
2025-04-20,990,global,7.72,79.9534,6.4792,SS25
2025-04-20,992,korea,0.0,-100.0,0.0,SS25
2025-04-27,1906r,global,7.36,-11.1111,6.4698,SS25
2025-04-27,2002r,global,10.86,-7.6531,9.5464,SS25
2025-04-27,2002r,korea,0.0,,0.0,SS25
2025-04-27,327,korea,0.0,,0.0,SS25
2025-04-27,530,korea,39.85,17.6557,49.356,SS25
2025-04-27,574,global,15.31,-5.5521,13.4582,SS25
2025-04-27,574,korea,21.89,-21.4004,27.1117,SS25
2025-04-27,9060,global,73.37,-2.4076,64.4954,SS25
2025-04-27,990,global,6.86,-11.1399,6.0302,SS25
2025-04-27,992,korea,19.0,,23.5323,SS25
2025-05-04,1906r,global,8.28,12.5,7.3889,SS25
2025-05-04,2002r,global,9.95,-8.3794,8.8792,SS25
2025-05-04,2002r,korea,0.0,,0.0,SS25
2025-05-04,327,korea,0.0,,0.0,SS25
2025-05-04,530,korea,31.88,-20.0,57.1839,SS25
2025-05-04,574,global,15.31,0.0,13.6623,SS25
2025-05-04,574,korea,23.87,9.0452,42.8161,SS25
2025-05-04,9060,global,73.37,0.0,65.4739,SS25
2025-05-04,990,global,5.15,-24.9271,4.5958,SS25
2025-05-04,992,korea,0.0,-100.0,0.0,SS25
2025-05-11,1906r,global,7.36,-11.1111,6.9664,SS25
2025-05-11,2002r,global,10.86,9.1457,10.2792,SS25
2025-05-11,2002r,korea,0.0,,0.0,SS25
2025-05-11,327,korea,0.0,,0.0,SS25
2025-05-11,530,korea,28.89,-9.3789,100.0,SS25
2025-05-11,574,global,15.31,0.0,14.4912,SS25
2025-05-11,574,korea,0.0,-100.0,0.0,SS25
2025-05-11,9060,global,66.12,-9.8814,62.584,SS25
2025-05-11,990,global,6.0,16.5049,5.6791,SS25
2025-05-11,992,korea,0.0,,0.0,SS25
2025-05-18,1906r,global,7.36,0.0,7.2734,SS25
2025-05-18,2002r,global,9.95,-8.3794,9.833,SS25
2025-05-18,2002r,korea,0.0,,0.0,SS25
2025-05-18,327,korea,0.0,,0.0,SS25
2025-05-18,530,korea,34.87,20.6992,58.3696,SS25
2025-05-18,574,global,13.51,-11.757,13.3511,SS25
2025-05-18,574,korea,24.87,,41.6304,SS25
2025-05-18,9060,global,65.22,-1.3612,64.453,SS25
2025-05-18,990,global,5.15,-14.1667,5.0894,SS25
2025-05-18,992,korea,0.0,,0.0,SS25
2025-05-25,1906r,global,8.28,12.5,8.181,SS25
2025-05-25,2002r,global,10.86,9.1457,10.7302,SS25
2025-05-25,2002r,korea,0.0,,0.0,SS25
2025-05-25,327,korea,0.0,,0.0,SS25
2025-05-25,530,korea,39.85,14.2816,48.1571,SS25
2025-05-25,574,global,13.51,0.0,13.3485,SS25
2025-05-25,574,korea,19.9,-19.9839,24.0483,SS25
2025-05-25,9060,global,63.41,-2.7752,62.6519,SS25
2025-05-25,990,global,5.15,0.0,5.0884,SS25
2025-05-25,992,korea,23.0,,27.7946,SS25
2025-06-01,1906r,global,7.36,-11.1111,7.2742,SS25
2025-06-01,2002r,global,9.95,-8.3794,9.834,SS25
2025-06-01,2002r,korea,0.0,,0.0,SS25
2025-06-01,327,korea,0.0,,0.0,SS25
2025-06-01,530,korea,52.8,32.4969,71.6515,SS25
2025-06-01,574,global,14.41,6.6617,14.2419,SS25
2025-06-01,574,korea,20.89,4.9749,28.3485,SS25
2025-06-01,9060,global,64.31,1.4193,63.56,SS25
2025-06-01,990,global,5.15,0.0,5.0899,SS25
2025-06-01,992,korea,0.0,-100.0,0.0,SS25
2025-06-08,1906r,global,7.36,0.0,7.5433,SS25
2025-06-08,2002r,global,9.95,0.0,10.1978,SS25
2025-06-08,2002r,korea,0.0,,0.0,SS25
2025-06-08,327,korea,0.0,,0.0,SS25
2025-06-08,530,korea,33.87,-35.8523,41.4211,SS25
2025-06-08,574,global,13.51,-6.2457,13.8465,SS25
2025-06-08,574,korea,18.9,-9.5261,23.1136,SS25
2025-06-08,9060,global,61.6,-4.214,63.1342,SS25
2025-06-08,990,global,5.15,0.0,5.2783,SS25
2025-06-08,992,korea,29.0,,35.4653,SS25
2025-06-15,1906r,global,6.44,-12.5,7.2036,SS25
2025-06-15,2002r,global,9.05,-9.0452,10.123,SS25
2025-06-15,2002r,korea,0.0,,0.0,SS25
2025-06-15,327,korea,0.0,,0.0,SS25
2025-06-15,530,korea,44.83,32.359,71.4536,SS25
2025-06-15,574,global,13.51,0.0,15.1119,SS25
2025-06-15,574,korea,17.91,-5.2381,28.5464,SS25
2025-06-15,9060,global,55.25,-10.3084,61.8009,SS25
2025-06-15,990,global,5.15,0.0,5.7606,SS25
2025-06-15,992,korea,0.0,-100.0,0.0,SS25
2025-06-22,1906r,global,6.44,0.0,7.2727,SS25
2025-06-22,2002r,global,9.05,0.0,10.2202,SS25
2025-06-22,2002r,korea,0.0,,0.0,SS25
2025-06-22,327,korea,0.0,,0.0,SS25
2025-06-22,530,korea,18.93,-57.7738,50.0397,SS25
2025-06-22,574,global,12.61,-6.6617,14.2405,SS25
2025-06-22,574,korea,18.9,5.5276,49.9603,SS25
2025-06-22,9060,global,56.16,1.6471,63.4218,SS25
2025-06-22,990,global,4.29,-16.699,4.8447,SS25
2025-06-22,992,korea,0.0,,0.0,SS25
2025-06-29,1906r,global,7.36,14.2857,8.0675,SS25
2025-06-29,2002r,global,9.95,9.9448,10.9065,SS25
2025-06-29,2002r,korea,0.0,,0.0,SS25
2025-06-29,327,korea,0.0,,0.0,SS25
2025-06-29,530,korea,33.87,78.9223,59.6828,SS25
2025-06-29,574,global,12.61,0.0,13.8222,SS25
2025-06-29,574,korea,22.88,21.0582,40.3172,SS25
2025-06-29,9060,global,56.16,0.0,61.5587,SS25
2025-06-29,990,global,5.15,20.0466,5.6451,SS25
2025-06-29,992,korea,0.0,,0.0,SS25
2025-07-06,1906r,global,7.36,0.0,7.6151,SS25
2025-07-06,2002r,global,10.86,9.1457,11.2364,SS25
2025-07-06,2002r,korea,0.0,,0.0,SS25
2025-07-06,327,korea,0.0,,0.0,SS25
2025-07-06,530,korea,30.88,-8.8279,41.8598,SS25
2025-07-06,574,global,15.31,21.4116,15.8407,SS25
2025-07-06,574,korea,20.89,-8.6976,28.3177,SS25
2025-07-06,9060,global,57.97,3.2229,59.9793,SS25
2025-07-06,990,global,5.15,0.0,5.3285,SS25
2025-07-06,992,korea,22.0,,29.8224,SS25
2025-07-13,1906r,global,7.36,0.0,7.2093,SS25
2025-07-13,2002r,global,10.86,0.0,10.6377,SS25
2025-07-13,2002r,korea,0.0,,0.0,SS25
2025-07-13,327,korea,0.0,,0.0,SS25
2025-07-13,530,korea,28.89,-6.4443,60.3257,SS25
2025-07-13,574,global,15.31,0.0,14.9966,SS25
2025-07-13,574,korea,0.0,-100.0,0.0,SS25
2025-07-13,9060,global,63.41,9.3842,62.1119,SS25
2025-07-13,990,global,5.15,0.0,5.0446,SS25
2025-07-13,992,korea,19.0,-13.6364,39.6743,SS25
2025-07-20,1906r,global,9.2,25.0,8.143,SS25
2025-07-20,2002r,global,11.76,8.2873,10.4089,SS25
2025-07-20,2002r,korea,0.0,,0.0,SS25
2025-07-20,327,korea,0.0,,0.0,SS25
2025-07-20,530,korea,34.87,20.6992,60.381,SS25
2025-07-20,574,global,15.31,0.0,13.5511,SS25
2025-07-20,574,korea,22.88,,39.619,SS25
2025-07-20,9060,global,71.56,12.8529,63.3386,SS25
2025-07-20,990,global,5.15,0.0,4.5583,SS25
2025-07-20,992,korea,0.0,-100.0,0.0,SS25
2025-07-27,1906r,global,10.12,10.0,8.2924,SS25
2025-07-27,2002r,global,12.67,7.7381,10.3818,SS25
2025-07-27,2002r,korea,0.0,,0.0,SS25
2025-07-27,327,korea,0.0,,0.0,SS25
2025-07-27,530,korea,30.88,-11.4425,50.0324,SS25
2025-07-27,574,global,18.01,17.6355,14.7575,SS25
2025-07-27,574,korea,30.84,34.7902,49.9676,SS25
2025-07-27,9060,global,76.09,6.3304,62.3484,SS25
2025-07-27,990,global,5.15,0.0,4.2199,SS25
2025-07-27,992,korea,0.0,,0.0,SS25
2025-08-03,1906r,global,10.12,0.0,7.7768,SS25
2025-08-03,2002r,global,13.57,7.1034,10.428,SS25
2025-08-03,2002r,korea,0.0,,0.0,SS25
2025-08-03,327,korea,0.0,,0.0,SS25
2025-08-03,530,korea,20.92,-32.2539,40.4173,SS25
2025-08-03,574,global,18.01,0.0,13.84,SS25
2025-08-03,574,korea,30.84,0.0,59.5827,SS25
2025-08-03,9060,global,82.43,8.3322,63.3443,SS25
2025-08-03,990,global,6.0,16.5049,4.6108,SS25
2025-08-03,992,korea,0.0,,0.0,SS25
2025-08-10,1906r,global,10.12,0.0,8.2924,SS25
2025-08-10,2002r,global,12.67,-6.6323,10.3818,SS25
2025-08-10,2002r,korea,0.0,,0.0,SS25
2025-08-10,327,korea,0.0,,0.0,SS25
2025-08-10,530,korea,31.88,52.3901,100.0,SS25
2025-08-10,574,global,18.01,0.0,14.7575,SS25
2025-08-10,574,korea,0.0,-100.0,0.0,SS25
2025-08-10,9060,global,76.09,-7.6914,62.3484,SS25
2025-08-10,990,global,5.15,-14.1667,4.2199,SS25
2025-08-10,992,korea,0.0,,0.0,SS25
2025-08-17,1906r,global,10.12,0.0,8.2924,SS25
2025-08-17,2002r,global,14.48,14.2857,11.865,SS25
2025-08-17,2002r,korea,0.0,,0.0,SS25
2025-08-17,327,korea,0.0,,0.0,SS25
2025-08-17,530,korea,45.83,43.7578,100.0,SS25
2025-08-17,574,global,17.11,-4.9972,14.02,SS25
2025-08-17,574,korea,0.0,,0.0,SS25
2025-08-17,9060,global,75.18,-1.196,61.6028,SS25
2025-08-17,990,global,5.15,0.0,4.2199,SS25
2025-08-17,992,korea,0.0,,0.0,SS25
2025-08-24,1906r,global,11.04,9.0909,8.7211,SS25
2025-08-24,2002r,global,14.48,0.0,11.4385,SS25
2025-08-24,2002r,korea,0.0,,0.0,SS25
2025-08-24,327,korea,0.0,,0.0,SS25
2025-08-24,530,korea,20.92,-54.353,47.7626,SS25
2025-08-24,574,global,16.21,-5.2601,12.8051,SS25
2025-08-24,574,korea,22.88,,52.2374,SS25
2025-08-24,9060,global,79.71,6.0255,62.9671,SS25
2025-08-24,990,global,5.15,0.0,4.0683,SS25
2025-08-24,992,korea,0.0,,0.0,SS25
2025-08-31,1906r,global,10.12,-8.3333,8.4137,SS25
2025-08-31,2002r,global,12.67,-12.5,10.5338,SS25
2025-08-31,2002r,korea,0.0,,0.0,SS25
2025-08-31,327,korea,0.0,,0.0,SS25
2025-08-31,530,korea,26.9,28.5851,50.9856,SS25
2025-08-31,574,global,17.11,5.5521,14.2251,SS25
2025-08-31,574,korea,25.86,13.0245,49.0144,SS25
2025-08-31,9060,global,76.09,-4.5415,63.2607,SS25
2025-08-31,990,global,4.29,-16.699,3.5667,SS25
2025-08-31,992,korea,0.0,,0.0,SS25
2025-09-07,1906r,global,8.28,-18.1818,7.8276,FW25
2025-09-07,2002r,global,10.86,-14.2857,10.2666,FW25
2025-09-07,2002r,korea,0.0,,0.0,FW25
2025-09-07,327,korea,0.0,,0.0,FW25
2025-09-07,530,korea,40.84,51.8216,100.0,FW25
2025-09-07,574,global,14.41,-15.7802,13.6226,FW25
2025-09-07,574,korea,0.0,-100.0,0.0,FW25
2025-09-07,9060,global,67.94,-10.711,64.2276,FW25
2025-09-07,990,global,4.29,0.0,4.0556,FW25
2025-09-07,992,korea,0.0,,0.0,FW25
2025-09-14,1906r,global,7.36,-11.1111,7.2699,FW25
2025-09-14,2002r,global,9.05,-16.6667,8.9392,FW25
2025-09-14,2002r,korea,0.0,,0.0,FW25
2025-09-14,327,korea,0.0,,0.0,FW25
2025-09-14,530,korea,24.9,-39.0304,100.0,FW25
2025-09-14,574,global,13.51,-6.2457,13.3445,FW25
2025-09-14,574,korea,0.0,,0.0,FW25
2025-09-14,9060,global,67.03,-1.3394,66.209,FW25
2025-09-14,990,global,4.29,0.0,4.2375,FW25
2025-09-14,992,korea,0.0,,0.0,FW25
2025-09-21,1906r,global,7.36,0.0,7.0196,FW25
2025-09-21,2002r,global,9.95,9.9448,9.4897,FW25
2025-09-21,2002r,korea,0.0,,0.0,FW25
2025-09-21,327,korea,0.0,,0.0,FW25
2025-09-21,530,korea,54.79,120.0402,69.6542,FW25
2025-09-21,574,global,14.41,6.6617,13.7434,FW25
2025-09-21,574,korea,23.87,,30.3458,FW25
2025-09-21,9060,global,68.84,2.7003,65.6557,FW25
2025-09-21,990,global,4.29,0.0,4.0916,FW25
2025-09-21,992,korea,0.0,,0.0,FW25
2025-09-28,1906r,global,8.28,12.5,7.9638,FW25
2025-09-28,2002r,global,9.95,0.0,9.5701,FW25
2025-09-28,2002r,korea,0.0,,0.0,FW25
2025-09-28,327,korea,0.0,,0.0,FW25
2025-09-28,530,korea,24.9,-54.5538,100.0,FW25
2025-09-28,574,global,13.51,-6.2457,12.9941,FW25
2025-09-28,574,korea,0.0,-100.0,0.0,FW25
2025-09-28,9060,global,67.94,-1.3074,65.3458,FW25
2025-09-28,990,global,4.29,0.0,4.1262,FW25
2025-09-28,992,korea,0.0,,0.0,FW25
2025-10-05,1906r,global,7.36,-11.1111,7.1422,FW25
2025-10-05,2002r,global,9.05,-9.0452,8.7821,FW25
2025-10-05,2002r,korea,0.0,,0.0,FW25
2025-10-05,327,korea,0.0,,0.0,FW25
2025-10-05,530,korea,34.87,40.0402,52.2789,FW25
2025-10-05,574,global,13.51,0.0,13.1101,FW25
2025-10-05,574,korea,31.83,,47.7211,FW25
2025-10-05,9060,global,68.84,1.3247,66.8025,FW25
2025-10-05,990,global,4.29,0.0,4.163,FW25
2025-10-05,992,korea,0.0,,0.0,FW25
2025-10-12,1906r,global,7.36,0.0,7.2051,FW25
2025-10-12,2002r,global,9.05,0.0,8.8595,FW25
2025-10-12,2002r,korea,0.0,,0.0,FW25
2025-10-12,327,korea,0.0,,0.0,FW25
2025-10-12,530,korea,31.88,-8.5747,53.3735,FW25
2025-10-12,574,global,13.51,0.0,13.2256,FW25
2025-10-12,574,korea,27.85,-12.5039,46.6265,FW25
2025-10-12,9060,global,67.94,-1.3074,66.51,FW25
2025-10-12,990,global,4.29,0.0,4.1997,FW25
2025-10-12,992,korea,0.0,,0.0,FW25
2025-10-19,1906r,global,7.36,0.0,7.5394,FW25
2025-10-19,2002r,global,9.05,0.0,9.2706,FW25
2025-10-19,2002r,korea,0.0,,0.0,FW25
2025-10-19,327,korea,0.0,,0.0,FW25
2025-10-19,530,korea,26.9,-15.6211,29.6451,FW25
2025-10-19,574,global,12.61,-6.6617,12.9174,FW25
2025-10-19,574,korea,30.84,10.7361,33.9872,FW25
2025-10-19,9060,global,64.31,-5.3429,65.8779,FW25
2025-10-19,990,global,4.29,0.0,4.3946,FW25
2025-10-19,992,korea,33.0,,36.3676,FW25
2025-10-26,1906r,global,6.44,-12.5,7.127,FW25
2025-10-26,2002r,global,9.05,0.0,10.0155,FW25
2025-10-26,2002r,korea,0.0,,0.0,FW25
2025-10-26,327,korea,0.0,,0.0,FW25
2025-10-26,530,korea,34.87,29.6283,100.0,FW25
2025-10-26,574,global,12.61,0.0,13.9553,FW25
2025-10-26,574,korea,0.0,-100.0,0.0,FW25
2025-10-26,9060,global,57.97,-9.8585,64.1545,FW25
2025-10-26,990,global,4.29,0.0,4.7477,FW25
2025-10-26,992,korea,0.0,-100.0,0.0,FW25
2025-11-02,1906r,global,6.96,8.0745,7.1871,FW25
2025-11-02,2002r,global,9.03,-0.221,9.3247,FW25
2025-11-02,2002r,korea,0.0,,0.0,FW25
2025-11-02,327,korea,27.49,,30.3455,FW25
2025-11-02,530,korea,35.47,1.7207,39.1544,FW25
2025-11-02,574,global,12.95,2.6963,13.3726,FW25
2025-11-02,574,korea,27.63,,30.5001,FW25
2025-11-02,9060,global,64.0,10.4019,66.0884,FW25
2025-11-02,990,global,3.9,-9.0909,4.0273,FW25
2025-11-02,992,korea,0.0,,0.0,FW25
2025-11-09,1906r,global,7.95,14.2241,7.4438,FW25
2025-11-09,2002r,global,10.03,11.0742,9.3914,FW25
2025-11-09,2002r,korea,53.37,,53.9036,FW25
2025-11-09,327,korea,0.0,-100.0,0.0,FW25
2025-11-09,530,korea,23.5,-33.7468,23.735,FW25
2025-11-09,574,global,12.95,0.0,12.1255,FW25
2025-11-09,574,korea,0.0,-100.0,0.0,FW25
2025-11-09,9060,global,71.0,10.9375,66.4794,FW25
2025-11-09,990,global,4.87,24.8718,4.5599,FW25
2025-11-09,992,korea,22.14,,22.3614,FW25
2025-11-16,1906r,global,7.95,0.0,6.9853,FW25
2025-11-16,2002r,global,11.04,10.0698,9.7004,FW25
2025-11-16,2002r,korea,0.0,-100.0,0.0,FW25
2025-11-16,327,korea,0.0,,0.0,FW25
2025-11-16,530,korea,26.07,10.9362,100.0,FW25
2025-11-16,574,global,13.95,7.722,12.2573,FW25
2025-11-16,574,korea,0.0,,0.0,FW25
2025-11-16,9060,global,76.0,7.0423,66.778,FW25
2025-11-16,990,global,4.87,0.0,4.2791,FW25
2025-11-16,992,korea,0.0,-100.0,0.0,FW25
2025-11-23,1906r,global,11.93,50.0629,7.9111,FW25
2025-11-23,2002r,global,17.06,54.529,11.313,FW25
2025-11-23,2002r,korea,0.0,,,FW25
2025-11-23,327,korea,0.0,,,FW25
2025-11-23,530,korea,0.0,-100.0,,FW25
2025-11-23,574,global,16.94,21.4337,11.2334,FW25
2025-11-23,574,korea,0.0,,,FW25
2025-11-23,9060,global,100.0,31.5789,66.313,FW25
2025-11-23,990,global,4.87,0.0,3.2294,FW25
2025-11-23,992,korea,0.0,,,FW25
2025-11-30,1906r,global,9.94,-16.6806,7.5423,FW25
2025-11-30,2002r,global,12.04,-29.4256,9.1357,FW25
2025-11-30,2002r,korea,0.0,,0.0,FW25
2025-11-30,327,korea,0.0,,0.0,FW25
2025-11-30,530,korea,0.0,,0.0,FW25
2025-11-30,574,global,14.94,-11.8064,11.3362,FW25
2025-11-30,574,korea,24.65,,100.0,FW25
2025-11-30,9060,global,90.0,-10.0,68.2905,FW25
2025-11-30,990,global,4.87,0.0,3.6953,FW25
2025-11-30,992,korea,0.0,,0.0,FW25
2025-12-07,1906r,global,7.95,-20.0201,6.9227,FW25
2025-12-07,2002r,global,11.04,-8.3056,9.6134,FW25
2025-12-07,2002r,korea,0.0,,0.0,FW25
2025-12-07,327,korea,0.0,,0.0,FW25
2025-12-07,530,korea,22.22,,48.6534,FW25
2025-12-07,574,global,12.95,-13.3199,11.2766,FW25
2025-12-07,574,korea,0.0,-100.0,0.0,FW25
2025-12-07,9060,global,79.0,-12.2222,68.7914,FW25
2025-12-07,990,global,3.9,-19.9179,3.396,FW25
2025-12-07,992,korea,23.45,,51.3466,FW25
2025-12-14,1906r,global,8.95,12.5786,7.533,FW25
2025-12-14,2002r,global,12.04,9.058,10.1338,FW25
2025-12-14,2002r,korea,0.0,,0.0,FW25
2025-12-14,327,korea,0.0,,0.0,FW25
2025-12-14,530,korea,25.21,13.4563,100.0,FW25
2025-12-14,574,global,13.95,7.722,11.7414,FW25
2025-12-14,574,korea,0.0,,0.0,FW25
2025-12-14,9060,global,79.0,0.0,66.4927,FW25
2025-12-14,990,global,4.87,24.8718,4.099,FW25
2025-12-14,992,korea,0.0,-100.0,0.0,FW25
2025-12-21,1906r,global,8.95,0.0,7.0578,FW25
2025-12-21,2002r,global,11.04,-8.3056,8.7059,FW25
2025-12-21,2002r,korea,0.0,,0.0,FW25
2025-12-21,327,korea,0.0,,0.0,FW25
2025-12-21,530,korea,29.91,18.6434,50.1341,FW25
2025-12-21,574,global,12.95,-7.1685,10.2121,FW25
2025-12-21,574,korea,29.75,,49.8659,FW25
2025-12-21,9060,global,89.0,12.6582,70.1837,FW25
2025-12-21,990,global,4.87,0.0,3.8404,FW25
2025-12-21,992,korea,0.0,,0.0,FW25
2025-12-28,1906r,global,7.95,-11.1732,7.3748,FW25
2025-12-28,2002r,global,10.03,-9.1486,9.3043,FW25
2025-12-28,2002r,korea,0.0,,,FW25
2025-12-28,327,korea,0.0,,,FW25
2025-12-28,530,korea,0.0,-100.0,,FW25
2025-12-28,574,global,11.95,-7.722,11.0853,FW25
2025-12-28,574,korea,0.0,-100.0,,FW25
2025-12-28,9060,global,73.0,-17.9775,67.718,FW25
2025-12-28,990,global,4.87,0.0,4.5176,FW25
2025-12-28,992,korea,0.0,,,FW25
2026-01-04,1906r,global,6.96,-12.4528,7.1129,FW25
2026-01-04,2002r,global,10.03,0.0,10.2504,FW25
2026-01-04,2002r,korea,0.0,,0.0,FW25
2026-01-04,327,korea,0.0,,0.0,FW25
2026-01-04,530,korea,24.79,,100.0,FW25
2026-01-04,574,global,10.96,-8.2845,11.2008,FW25
2026-01-04,574,korea,0.0,,0.0,FW25
2026-01-04,9060,global,66.0,-9.589,67.4502,FW25
2026-01-04,990,global,3.9,-19.9179,3.9857,FW25
2026-01-04,992,korea,0.0,,0.0,FW25
2026-01-11,1906r,global,6.96,0.0,7.7462,FW25
2026-01-11,2002r,global,8.03,-19.9402,8.9371,FW25
2026-01-11,2002r,korea,0.0,,,FW25
2026-01-11,327,korea,0.0,,,FW25
2026-01-11,530,korea,0.0,-100.0,,FW25
2026-01-11,574,global,10.96,0.0,12.1981,FW25
2026-01-11,574,korea,0.0,,,FW25
2026-01-11,9060,global,60.0,-9.0909,66.778,FW25
2026-01-11,990,global,3.9,0.0,4.3406,FW25
2026-01-11,992,korea,0.0,,,FW25
2026-01-18,1906r,global,6.96,0.0,7.8317,FW25
2026-01-18,2002r,global,8.03,0.0,9.0357,FW25
2026-01-18,2002r,korea,44.77,,37.5115,FW25
2026-01-18,327,korea,0.0,,0.0,FW25
2026-01-18,530,korea,38.03,,31.8643,FW25
2026-01-18,574,global,9.96,-9.1241,11.2074,FW25
2026-01-18,574,korea,36.55,,30.6242,FW25
2026-01-18,9060,global,61.0,1.6667,68.6396,FW25
2026-01-18,990,global,2.92,-25.1282,3.2857,FW25
2026-01-18,992,korea,0.0,,0.0,FW25
2026-01-25,1906r,global,6.96,0.0,7.8325,FW25
2026-01-25,2002r,global,7.02,-12.5778,7.9001,FW25
2026-01-25,2002r,korea,0.0,-100.0,0.0,FW25
2026-01-25,327,korea,0.0,,0.0,FW25
2026-01-25,530,korea,22.65,-40.4418,100.0,FW25
2026-01-25,574,global,9.96,0.0,11.2086,FW25
2026-01-25,574,korea,0.0,-100.0,0.0,FW25
2026-01-25,9060,global,62.0,1.6393,69.7727,FW25
2026-01-25,990,global,2.92,0.0,3.2861,FW25
2026-01-25,992,korea,0.0,,0.0,FW25
2026-02-01,1906r,global,6.96,0.0,7.8325,FW25
2026-02-01,2002r,global,7.02,0.0,7.9001,FW25
2026-02-01,2002r,korea,0.0,,0.0,FW25
2026-02-01,327,korea,0.0,,0.0,FW25
2026-02-01,530,korea,41.02,81.1038,59.2432,FW25
2026-02-01,574,global,10.96,10.0402,12.334,FW25
2026-02-01,574,korea,0.0,,0.0,FW25
2026-02-01,9060,global,61.0,-1.6129,68.6473,FW25
2026-02-01,990,global,2.92,0.0,3.2861,FW25
2026-02-01,992,korea,28.22,,40.7568,FW25
2026-02-08,1906r,global,6.96,0.0,7.8343,FW25
2026-02-08,2002r,global,8.03,14.3875,9.0387,FW25
2026-02-08,2002r,korea,0.0,,0.0,FW25
2026-02-08,327,korea,37.88,,43.1583,FW25
2026-02-08,530,korea,29.91,-27.0843,34.0777,FW25
2026-02-08,574,global,11.95,9.0328,13.4511,FW25
2026-02-08,574,korea,19.98,,22.764,FW25
2026-02-08,9060,global,58.0,-4.918,65.2859,FW25
2026-02-08,990,global,3.9,33.5616,4.3899,FW25
2026-02-08,992,korea,0.0,-100.0,0.0,FW25
2026-02-15,1906r,global,6.96,0.0,7.1158,FW25
2026-02-15,2002r,global,8.03,0.0,8.2098,FW25
2026-02-15,2002r,korea,0.0,,0.0,FW25
2026-02-15,327,korea,0.0,-100.0,0.0,FW25
2026-02-15,530,korea,26.92,-9.9967,100.0,FW25
2026-02-15,574,global,13.95,16.7364,14.2623,FW25
2026-02-15,574,korea,0.0,-100.0,0.0,FW25
2026-02-15,9060,global,64.0,10.3448,65.433,FW25
2026-02-15,990,global,4.87,24.8718,4.979,FW25
2026-02-15,992,korea,0.0,,0.0,FW25
2026-02-22,1906r,global,7.95,14.2241,7.2411,FW25
2026-02-22,2002r,global,10.03,24.9066,9.1356,FW25
2026-02-22,2002r,korea,0.0,,0.0,FW25
2026-02-22,327,korea,0.0,,0.0,FW25
2026-02-22,530,korea,39.74,47.6226,56.8364,FW25
2026-02-22,574,global,15.94,14.2652,14.5186,FW25
2026-02-22,574,korea,30.18,,43.1636,FW25
2026-02-22,9060,global,71.0,10.9375,64.6689,FW25
2026-02-22,990,global,4.87,0.0,4.4357,FW25
2026-02-22,992,korea,0.0,,0.0,FW25
2026-03-01,1906r,global,7.95,0.0,7.3077,FW25
2026-03-01,2002r,global,10.03,0.0,9.2196,FW25
2026-03-01,2002r,korea,43.04,,39.1273,FW25
2026-03-01,327,korea,0.0,,0.0,FW25
2026-03-01,530,korea,42.73,7.5239,38.8455,FW25
2026-03-01,574,global,14.94,-6.2735,13.7329,FW25
2026-03-01,574,korea,24.23,-19.715,22.0273,FW25
2026-03-01,9060,global,71.0,0.0,65.2634,FW25
2026-03-01,990,global,4.87,0.0,4.4765,FW25
2026-03-01,992,korea,0.0,,0.0,FW25
2026-03-08,1906r,global,8.95,12.5786,7.7968,SS26
2026-03-08,2002r,global,10.03,0.0,8.7377,SS26
2026-03-08,2002r,korea,0.0,-100.0,0.0,SS26
2026-03-08,327,korea,0.0,,0.0,SS26
2026-03-08,530,korea,37.18,-12.9885,61.3937,SS26
2026-03-08,574,global,14.94,0.0,13.0151,SS26
2026-03-08,574,korea,23.38,-3.508,38.6063,SS26
2026-03-08,9060,global,76.0,7.0423,66.2079,SS26
2026-03-08,990,global,4.87,0.0,4.2425,SS26
2026-03-08,992,korea,0.0,,0.0,SS26
2026-03-15,1906r,global,7.95,-11.1732,6.9866,SS26
2026-03-15,2002r,global,10.03,0.0,8.8145,SS26
2026-03-15,2002r,korea,0.0,,0.0,SS26
2026-03-15,327,korea,0.0,,0.0,SS26
2026-03-15,530,korea,37.61,1.1565,100.0,SS26
2026-03-15,574,global,14.94,0.0,13.1294,SS26
2026-03-15,574,korea,0.0,-100.0,0.0,SS26
2026-03-15,9060,global,76.0,0.0,66.7897,SS26
2026-03-15,990,global,4.87,0.0,4.2798,SS26
2026-03-15,992,korea,0.0,,0.0,SS26
2026-03-22,1906r,global,9.94,25.0314,7.5446,SS26
2026-03-22,2002r,global,12.04,20.0399,9.1385,SS26
2026-03-22,2002r,korea,0.0,,0.0,SS26
2026-03-22,327,korea,0.0,,0.0,SS26
2026-03-22,530,korea,0.0,-100.0,0.0,SS26
2026-03-22,574,global,25.9,73.3601,19.6584,SS26
2026-03-22,574,korea,24.23,,52.2536,SS26
2026-03-22,9060,global,79.0,3.9474,59.962,SS26
2026-03-22,990,global,4.87,0.0,3.6964,SS26
2026-03-22,992,korea,22.14,,47.7464,SS26
2026-03-29,1906r,global,10.94,10.0604,7.259,SS26
2026-03-29,2002r,global,15.05,25.0,9.9861,SS26
2026-03-29,2002r,korea,0.0,,0.0,SS26
2026-03-29,327,korea,0.0,,0.0,SS26
2026-03-29,530,korea,28.63,,100.0,SS26
2026-03-29,574,global,33.87,30.7722,22.4736,SS26
2026-03-29,574,korea,0.0,-100.0,0.0,SS26
2026-03-29,9060,global,85.0,7.5949,56.3997,SS26
2026-03-29,990,global,5.85,20.1232,3.8816,SS26
2026-03-29,992,korea,0.0,-100.0,0.0,SS26
2026-04-05,1906r,global,10.94,0.0,6.9815,SS26
2026-04-05,2002r,global,15.05,0.0,9.6043,SS26
2026-04-05,2002r,korea,0.0,,0.0,SS26
2026-04-05,327,korea,0.0,,0.0,SS26
2026-04-05,530,korea,42.31,47.782,67.9351,SS26
2026-04-05,574,global,36.86,8.8279,23.5227,SS26
2026-04-05,574,korea,0.0,,0.0,SS26
2026-04-05,9060,global,88.0,3.5294,56.1583,SS26
2026-04-05,990,global,5.85,0.0,3.7332,SS26
2026-04-05,992,korea,19.97,,32.0649,SS26
2026-04-12,1906r,global,8.95,-18.1901,6.6419,SS26
2026-04-12,2002r,global,13.04,-13.3555,9.6772,SS26
2026-04-12,2002r,korea,5.17,,14.0146,SS26
2026-04-12,327,korea,3.05,,8.2678,SS26
2026-04-12,530,korea,14.96,-64.6419,40.553,SS26
2026-04-12,574,global,28.89,-21.6224,21.4397,SS26
2026-04-12,574,korea,8.5,,23.0415,SS26
2026-04-12,9060,global,79.0,-10.2273,58.6271,SS26
2026-04-12,990,global,4.87,-16.7521,3.6141,SS26
2026-04-12,992,korea,5.21,-73.9109,14.1231,SS26
2026-04-19,1906r,global,7.95,-11.1732,6.5271,SS26
2026-04-19,2002r,global,11.04,-15.3374,9.064,SS26
2026-04-19,2002r,korea,15.5,199.8066,21.2387,SS26
2026-04-19,327,korea,6.11,100.3279,8.3722,SS26
2026-04-19,530,korea,24.36,62.8342,33.379,SS26
2026-04-19,574,global,24.91,-13.7764,20.4516,SS26
2026-04-19,574,korea,16.15,90.0,22.1294,SS26
2026-04-19,9060,global,74.0,-6.3291,60.7553,SS26
2026-04-19,990,global,3.9,-19.9179,3.202,SS26
2026-04-19,992,korea,10.86,108.4453,14.8808,SS26
